match_id,match,teamInnings,battingPos,batsmanName,out/not_out,runs,balls,4s,6s,SR
T205274,Super Kings Vs Titans,Super Kings,1,DevonConway,out,1,6,0,0,16.66
T205274,Super Kings Vs Titans,Super Kings,2,RuturajGaikwad,out,92,50,4,9,184.00
T205274,Super Kings Vs Titans,Super Kings,3,MoeenAli,out,23,17,4,1,135.29
T205274,Super Kings Vs Titans,Super Kings,4,BenStokes,out,7,6,1,0,116.66
T205274,Super Kings Vs Titans,Super Kings,5,AmbatiRayudu,out,12,12,0,1,100.00
T205274,Super Kings Vs Titans,Super Kings,6,ShivamDube,out,19,18,0,1,105.55
T205274,Super Kings Vs Titans,Super Kings,7,RavindraJadeja,out,1,2,0,0,50.00
T205274,Super Kings Vs Titans,Super Kings,8,MSDhoni,not_out,14,7,1,1,200.00
T205274,Super Kings Vs Titans,Super Kings,9,MitchellSantner,not_out,1,3,0,0,33.33
T205274,Super Kings Vs Titans,Titans,1,WriddhimanSaha,out,25,16,2,2,156.25
T205274,Super Kings Vs Titans,Titans,2,ShubmanGill,out,63,36,6,3,175.00
T205274,Super Kings Vs Titans,Titans,3,SaiSudharsan,out,22,17,3,0,129.41
T205274,Super Kings Vs Titans,Titans,4,HardikPandya,out,8,11,0,0,72.72
T205274,Super Kings Vs Titans,Titans,5,VijayShankar,out,27,21,2,1,128.57
T205274,Super Kings Vs Titans,Titans,6,RahulTewatia,not_out,15,14,1,1,107.14
T205274,Super Kings Vs Titans,Titans,7,RashidKhan,not_out,10,3,1,1,333.33
T207733,Punjab Kings Vs KKR,Punjab Kings,1,PrabhsimranSingh,out,23,12,2,2,191.66
T207733,Punjab Kings Vs KKR,Punjab Kings,2,ShikharDhawan,out,40,29,6,0,137.93
T207733,Punjab Kings Vs KKR,Punjab Kings,3,BhanukaRajapaksa,out,50,32,5,2,156.25
T207733,Punjab Kings Vs KKR,Punjab Kings,4,JiteshSharma,out,21,11,1,2,190.90
T207733,Punjab Kings Vs KKR,Punjab Kings,5,SikandarRaza,out,16,13,1,1,123.07
T207733,Punjab Kings Vs KKR,Punjab Kings,6,SamCurran,not_out,26,17,0,2,152.94
T207733,Punjab Kings Vs KKR,Punjab Kings,7,MShahrukhKhan,not_out,11,7,2,0,157.14
T207733,Punjab Kings Vs KKR,KKR,1,MandeepSingh,out,2,4,0,0,50.00
T207733,Punjab Kings Vs KKR,KKR,2,RahmanullahGurbaz,out,22,16,3,1,137.50
T207733,Punjab Kings Vs KKR,KKR,3,AnukulRoy,out,4,5,1,0,80.00
T207733,Punjab Kings Vs KKR,KKR,4,VenkateshIyer,out,34,28,3,1,121.42
T207733,Punjab Kings Vs KKR,KKR,5,NitishRana,out,24,17,3,1,141.17
T207733,Punjab Kings Vs KKR,KKR,6,RinkuSingh,out,4,4,0,0,100.00
T207733,Punjab Kings Vs KKR,KKR,7,AndreRussell,out,35,19,3,2,184.21
T207733,Punjab Kings Vs KKR,KKR,8,ShardulThakur,not_out,8,3,0,1,266.66
T207733,Punjab Kings Vs KKR,KKR,9,SunilNarine,not_out,7,2,0,1,350.00
T203391,Super Giants Vs Capitals,Super Giants,1,KLRahul,out,8,12,0,1,66.66
T203391,Super Giants Vs Capitals,Super Giants,2,KyleMayers,out,73,38,2,7,192.10
T203391,Super Giants Vs Capitals,Super Giants,3,DeepakHooda,out,17,18,0,0,94.44
T203391,Super Giants Vs Capitals,Super Giants,4,KrunalPandya,not_out,15,13,0,1,115.38
T203391,Super Giants Vs Capitals,Super Giants,5,MarcusStoinis,out,12,10,0,1,120.00
T203391,Super Giants Vs Capitals,Super Giants,6,NicholasPooran,out,36,21,2,3,171.42
T203391,Super Giants Vs Capitals,Super Giants,7,AyushBadoni,out,18,7,1,2,257.14
T203391,Super Giants Vs Capitals,Super Giants,8,KrishnappaGowtham,not_out,6,1,0,1,600.00
T203391,Super Giants Vs Capitals,Capitals,1,PrithviShaw,out,12,9,2,0,133.33
T203391,Super Giants Vs Capitals,Capitals,2,DavidWarner,out,56,48,7,0,116.66
T203391,Super Giants Vs Capitals,Capitals,3,MitchellMarsh,out,0,1,0,0,0.00
T203391,Super Giants Vs Capitals,Capitals,4,SarfarazKhan,out,4,9,1,0,44.44
T203391,Super Giants Vs Capitals,Capitals,5,RileeRossouw,out,30,20,3,1,150.00
T203391,Super Giants Vs Capitals,Capitals,6,RovmanPowell,out,1,3,0,0,33.33
T203391,Super Giants Vs Capitals,Capitals,7,AmanHakimKhan,out,4,5,0,0,80.00
T203391,Super Giants Vs Capitals,Capitals,8,AxarPatel,out,16,11,1,1,145.45
T203391,Super Giants Vs Capitals,Capitals,9,KuldeepYadav,not_out,6,10,0,0,60.00
T203391,Super Giants Vs Capitals,Capitals,10,ChetanSakariya,out,4,4,1,0,100.00
T203391,Super Giants Vs Capitals,Capitals,11,MukeshKumar,not_out,0,1,0,0,0.00
T204662,Royals Vs Sunrisers,Royals,1,YashasviJaiswal,out,54,37,9,0,145.94
T204662,Royals Vs Sunrisers,Royals,2,JosButtler,out,54,22,7,3,245.45
T204662,Royals Vs Sunrisers,Royals,3,SanjuSamson,out,55,32,3,4,171.87
T204662,Royals Vs Sunrisers,Royals,4,DevduttPadikkal,out,2,5,0,0,40.00
T204662,Royals Vs Sunrisers,Royals,5,RiyanParag,out,7,6,1,0,116.66
T204662,Royals Vs Sunrisers,Royals,6,ShimronHetmyer,not_out,22,16,1,1,137.50
T204662,Royals Vs Sunrisers,Royals,7,RavichandranAshwin,not_out,1,2,0,0,50.00
T204662,Royals Vs Sunrisers,Sunrisers,1,AbhishekSharma,out,0,3,0,0,0.00
T204662,Royals Vs Sunrisers,Sunrisers,2,MayankAgarwal,out,27,23,3,0,117.39
T204662,Royals Vs Sunrisers,Sunrisers,3,RahulTripathi,out,0,2,0,0,0.00
T204662,Royals Vs Sunrisers,Sunrisers,4,HarryBrook,out,13,21,1,0,61.90
T204662,Royals Vs Sunrisers,Sunrisers,5,WashingtonSundar,out,1,5,0,0,20.00
T204662,Royals Vs Sunrisers,Sunrisers,6,GlennPhillips,out,8,6,0,1,133.33
T204662,Royals Vs Sunrisers,Sunrisers,7,AbdulSamad,not_out,32,32,2,1,100.00
T204662,Royals Vs Sunrisers,Sunrisers,8,AdilRashid,out,18,13,1,1,138.46
T204662,Royals Vs Sunrisers,Sunrisers,9,BhuvneshwarKumar,out,6,10,0,0,60.00
T204662,Royals Vs Sunrisers,Sunrisers,10,UmranMalik,not_out,19,8,1,2,237.50
T204410,Mumbai Vs RCB,Mumbai,1,RohitSharma,out,1,10,0,0,10.00
T204410,Mumbai Vs RCB,Mumbai,2,IshanKishan,out,10,13,2,0,76.92
T204410,Mumbai Vs RCB,Mumbai,3,CameronGreen,out,5,4,1,0,125.00
T204410,Mumbai Vs RCB,Mumbai,4,SuryakumarYadav,out,15,16,1,0,93.75
T204410,Mumbai Vs RCB,Mumbai,5,TilakVarma,not_out,84,46,9,4,182.60
T204410,Mumbai Vs RCB,Mumbai,6,NehalWadhera,out,21,13,1,2,161.53
T204410,Mumbai Vs RCB,Mumbai,7,TimDavid,out,4,7,0,0,57.14
T204410,Mumbai Vs RCB,Mumbai,8,HrithikShokeen,out,5,3,1,0,166.66
T204410,Mumbai Vs RCB,Mumbai,9,ArshadKhan,not_out,15,9,0,1,166.66
T204410,Mumbai Vs RCB,RCB,1,ViratKohli,not_out,82,49,6,5,167.34
T204410,Mumbai Vs RCB,RCB,2,FafduPlessis,out,73,43,5,6,169.76
T204410,Mumbai Vs RCB,RCB,3,DineshKarthik,out,0,3,0,0,0.00
T204410,Mumbai Vs RCB,RCB,4,GlennMaxwell,not_out,12,3,0,2,400.00
T207290,Super Kings Vs Super Giants,Super Kings,1,RuturajGaikwad,out,57,31,3,4,183.87
T207290,Super Kings Vs Super Giants,Super Kings,2,DevonConway,out,47,29,5,2,162.06
T207290,Super Kings Vs Super Giants,Super Kings,3,ShivamDube,out,27,16,1,3,168.75
T207290,Super Kings Vs Super Giants,Super Kings,4,MoeenAli,out,19,13,3,0,146.15
T207290,Super Kings Vs Super Giants,Super Kings,5,BenStokes,out,8,8,1,0,100.00
T207290,Super Kings Vs Super Giants,Super Kings,6,AmbatiRayudu,not_out,27,14,2,2,192.85
T207290,Super Kings Vs Super Giants,Super Kings,7,RavindraJadeja,out,3,6,0,0,50.00
T207290,Super Kings Vs Super Giants,Super Kings,8,MSDhoni,out,12,3,0,2,400.00
T207290,Super Kings Vs Super Giants,Super Kings,9,MitchellSantner,not_out,1,1,0,0,100.00
T207290,Super Kings Vs Super Giants,Super Giants,1,KLRahul,out,20,18,2,0,111.11
T207290,Super Kings Vs Super Giants,Super Giants,2,KyleMayers,out,53,22,8,2,240.90
T207290,Super Kings Vs Super Giants,Super Giants,3,DeepakHooda,out,2,6,0,0,33.33
T207290,Super Kings Vs Super Giants,Super Giants,4,KrunalPandya,out,9,9,0,1,100.00
T207290,Super Kings Vs Super Giants,Super Giants,5,MarcusStoinis,out,21,18,0,1,116.66
T207290,Super Kings Vs Super Giants,Super Giants,6,NicholasPooran,out,32,18,2,3,177.77
T207290,Super Kings Vs Super Giants,Super Giants,7,AyushBadoni,out,23,18,0,0,127.77
T207290,Super Kings Vs Super Giants,Super Giants,8,KrishnappaGowtham,not_out,17,11,0,1,154.54
T207290,Super Kings Vs Super Giants,Super Giants,9,MarkWood,not_out,10,3,1,1,333.33
T206559,Capitals Vs Titans,Capitals,1,DavidWarner,out,37,32,7,0,115.62
T206559,Capitals Vs Titans,Capitals,2,PrithviShaw,out,7,5,1,0,140.00
T206559,Capitals Vs Titans,Capitals,3,MitchellMarsh,out,4,4,1,0,100.00
T206559,Capitals Vs Titans,Capitals,4,SarfarazKhan,out,30,34,2,0,88.23
T206559,Capitals Vs Titans,Capitals,5,RileeRossouw,out,0,1,0,0,0.00
T206559,Capitals Vs Titans,Capitals,6,AbishekPorel,out,20,11,0,2,181.81
T206559,Capitals Vs Titans,Capitals,7,AxarPatel,out,36,22,2,3,163.63
T206559,Capitals Vs Titans,Capitals,8,AmanHakimKhan,out,8,8,0,1,100.00
T206559,Capitals Vs Titans,Capitals,9,KuldeepYadav,not_out,1,1,0,0,100.00
T206559,Capitals Vs Titans,Capitals,10,AnrichNortje,not_out,4,2,1,0,200.00
T206559,Capitals Vs Titans,Titans,1,WriddhimanSaha,out,14,7,2,1,200.00
T206559,Capitals Vs Titans,Titans,2,ShubmanGill,out,14,13,3,0,107.69
T206559,Capitals Vs Titans,Titans,3,SaiSudharsan,not_out,62,48,4,2,129.16
T206559,Capitals Vs Titans,Titans,4,HardikPandya,out,5,4,1,0,125.00
T206559,Capitals Vs Titans,Titans,5,VijayShankar,out,29,23,3,0,126.08
T206559,Capitals Vs Titans,Titans,6,DavidMiller,not_out,31,16,2,2,193.75
T203806,Punjab Kings Vs Royals,Punjab Kings,1,PrabhsimranSingh,out,60,34,7,3,176.47
T203806,Punjab Kings Vs Royals,Punjab Kings,2,ShikharDhawan,not_out,86,56,9,3,153.57
T203806,Punjab Kings Vs Royals,Punjab Kings,3,BhanukaRajapaksa,out,1,1,0,0,100.00
T203806,Punjab Kings Vs Royals,Punjab Kings,4,JiteshSharma,out,27,16,2,1,168.75
T203806,Punjab Kings Vs Royals,Punjab Kings,5,SikandarRaza,out,1,2,0,0,50.00
T203806,Punjab Kings Vs Royals,Punjab Kings,6,MShahrukhKhan,out,11,10,1,0,110.00
T203806,Punjab Kings Vs Royals,Punjab Kings,7,SamCurran,not_out,1,2,0,0,50.00
T203806,Punjab Kings Vs Royals,Royals,1,YashasviJaiswal,out,11,8,1,1,137.50
T203806,Punjab Kings Vs Royals,Royals,2,RavichandranAshwin,out,0,4,0,0,0.00
T203806,Punjab Kings Vs Royals,Royals,3,JosButtler,out,19,11,1,1,172.72
T203806,Punjab Kings Vs Royals,Royals,4,SanjuSamson,out,42,25,5,1,168.00
T203806,Punjab Kings Vs Royals,Royals,5,DevduttPadikkal,out,21,26,1,0,80.76
T203806,Punjab Kings Vs Royals,Royals,6,RiyanParag,out,20,12,1,2,166.66
T203806,Punjab Kings Vs Royals,Royals,7,ShimronHetmyer,out,36,18,1,3,200.00
T203806,Punjab Kings Vs Royals,Royals,8,DhruvJurel,not_out,32,15,3,2,213.33
T203806,Punjab Kings Vs Royals,Royals,9,JasonHolder,not_out,1,1,0,0,100.00
T204417,KKR Vs RCB,KKR,1,RahmanullahGurbaz,out,57,44,6,3,129.54
T204417,KKR Vs RCB,KKR,2,VenkateshIyer,out,3,7,0,0,42.85
T204417,KKR Vs RCB,KKR,3,MandeepSingh,out,0,1,0,0,0.00
T204417,KKR Vs RCB,KKR,4,NitishRana,out,1,5,0,0,20.00
T204417,KKR Vs RCB,KKR,5,RinkuSingh,out,46,33,2,3,139.39
T204417,KKR Vs RCB,KKR,6,AndreRussell,out,0,1,0,0,0.00
T204417,KKR Vs RCB,KKR,7,ShardulThakur,out,68,29,9,3,234.48
T204417,KKR Vs RCB,KKR,8,SunilNarine,not_out,0,1,0,0,0.00
T204417,KKR Vs RCB,KKR,9,UmeshYadav,not_out,6,2,1,0,300.00
T204417,KKR Vs RCB,RCB,1,ViratKohli,out,21,18,3,0,116.66
T204417,KKR Vs RCB,RCB,2,FafduPlessis,out,23,12,2,2,191.66
T204417,KKR Vs RCB,RCB,3,MichaelBracewell,out,19,18,1,1,105.55
T204417,KKR Vs RCB,RCB,4,GlennMaxwell,out,5,7,1,0,71.42
T204417,KKR Vs RCB,RCB,5,HarshalPatel,out,0,2,0,0,0.00
T204417,KKR Vs RCB,RCB,6,ShahbazAhmed,out,1,5,0,0,20.00
T204417,KKR Vs RCB,RCB,7,DineshKarthik,out,9,8,1,0,112.50
T204417,KKR Vs RCB,RCB,8,AnujRawat,out,1,5,0,0,20.00
T204417,KKR Vs RCB,RCB,9,DavidWilley,not_out,20,20,2,0,100.00
T204417,KKR Vs RCB,RCB,10,KarnSharma,out,1,3,0,0,33.33
T204417,KKR Vs RCB,RCB,11,AkashDeep,out,17,8,2,1,212.50
T203547,Sunrisers Vs Super Giants,Sunrisers,1,AnmolpreetSingh,out,31,26,3,1,119.23
T203547,Sunrisers Vs Super Giants,Sunrisers,2,MayankAgarwal,out,8,7,1,0,114.28
T203547,Sunrisers Vs Super Giants,Sunrisers,3,RahulTripathi,out,34,41,4,0,82.92
T203547,Sunrisers Vs Super Giants,Sunrisers,4,AidenMarkram,out,0,1,0,0,0.00
T203547,Sunrisers Vs Super Giants,Sunrisers,5,HarryBrook,out,3,4,0,0,75.00
T203547,Sunrisers Vs Super Giants,Sunrisers,6,WashingtonSundar,out,16,28,0,0,57.14
T203547,Sunrisers Vs Super Giants,Sunrisers,7,AbdulSamad,not_out,21,10,1,2,210.00
T203547,Sunrisers Vs Super Giants,Sunrisers,8,AdilRashid,out,4,3,1,0,133.33
T203547,Sunrisers Vs Super Giants,Sunrisers,9,UmranMalik,out,0,0,0,0,-
T203547,Sunrisers Vs Super Giants,Sunrisers,10,BhuvneshwarKumar,not_out,0,0,0,0,-
T203547,Sunrisers Vs Super Giants,Super Giants,1,KyleMayers,out,13,14,2,0,92.85
T203547,Sunrisers Vs Super Giants,Super Giants,2,KLRahul,out,35,31,4,0,112.90
T203547,Sunrisers Vs Super Giants,Super Giants,3,DeepakHooda,out,7,8,0,1,87.50
T203547,Sunrisers Vs Super Giants,Super Giants,4,KrunalPandya,out,34,23,4,1,147.82
T203547,Sunrisers Vs Super Giants,Super Giants,5,MarcusStoinis,not_out,10,13,2,0,76.92
T203547,Sunrisers Vs Super Giants,Super Giants,6,RomarioShepherd,out,0,1,0,0,0.00
T203547,Sunrisers Vs Super Giants,Super Giants,7,NicholasPooran,not_out,11,6,1,1,183.33
T203342,Royals Vs Capitals,Royals,1,YashasviJaiswal,out,60,31,11,1,193.54
T203342,Royals Vs Capitals,Royals,2,JosButtler,out,79,51,11,1,154.90
T203342,Royals Vs Capitals,Royals,3,SanjuSamson,out,0,4,0,0,0.00
T203342,Royals Vs Capitals,Royals,4,RiyanParag,out,7,11,0,0,63.63
T203342,Royals Vs Capitals,Royals,5,ShimronHetmyer,not_out,39,21,1,4,185.71
T203342,Royals Vs Capitals,Royals,6,DhruvJurel,not_out,8,3,0,1,266.66
T203342,Royals Vs Capitals,Capitals,1,PrithviShaw,out,0,3,0,0,0.00
T203342,Royals Vs Capitals,Capitals,2,DavidWarner,out,65,55,7,0,118.18
T203342,Royals Vs Capitals,Capitals,3,ManishPandey,out,0,1,0,0,0.00
T203342,Royals Vs Capitals,Capitals,4,RileeRossouw,out,14,12,2,0,116.66
T203342,Royals Vs Capitals,Capitals,5,LalitYadav,out,38,24,5,0,158.33
T203342,Royals Vs Capitals,Capitals,6,AxarPatel,out,2,6,0,0,33.33
T203342,Royals Vs Capitals,Capitals,7,RovmanPowell,out,2,2,0,0,100.00
T203342,Royals Vs Capitals,Capitals,8,AbishekPorel,out,7,9,1,0,77.77
T203342,Royals Vs Capitals,Capitals,9,KuldeepYadav,not_out,3,7,0,0,42.85
T203342,Royals Vs Capitals,Capitals,10,AnrichNortje,out,0,1,0,0,0.00
T203342,Royals Vs Capitals,Capitals,11,MukeshKumar,not_out,1,1,0,0,100.00
T208306,Mumbai Vs Super Kings,Mumbai,1,RohitSharma,out,21,13,3,1,161.53
T208306,Mumbai Vs Super Kings,Mumbai,2,IshanKishan,out,32,21,5,0,152.38
T208306,Mumbai Vs Super Kings,Mumbai,3,CameronGreen,out,12,11,1,0,109.09
T208306,Mumbai Vs Super Kings,Mumbai,4,SuryakumarYadav,out,1,2,0,0,50.00
T208306,Mumbai Vs Super Kings,Mumbai,5,TilakVarma,out,22,18,2,1,122.22
T208306,Mumbai Vs Super Kings,Mumbai,6,ArshadKhan,out,2,4,0,0,50.00
T208306,Mumbai Vs Super Kings,Mumbai,7,TimDavid,out,31,22,1,2,140.90
T208306,Mumbai Vs Super Kings,Mumbai,8,TristanStubbs,out,5,10,0,0,50.00
T208306,Mumbai Vs Super Kings,Mumbai,9,HrithikShokeen,not_out,18,13,3,0,138.46
T208306,Mumbai Vs Super Kings,Mumbai,10,PiyushChawla,not_out,5,6,0,0,83.33
T208306,Mumbai Vs Super Kings,Super Kings,1,DevonConway,out,0,4,0,0,0.00
T208306,Mumbai Vs Super Kings,Super Kings,2,RuturajGaikwad,not_out,40,36,2,1,111.11
T208306,Mumbai Vs Super Kings,Super Kings,3,AjinkyaRahane,out,61,27,7,3,225.92
T208306,Mumbai Vs Super Kings,Super Kings,4,ShivamDube,out,28,26,2,1,107.69
T208306,Mumbai Vs Super Kings,Super Kings,5,AmbatiRayudu,not_out,20,16,3,0,125.00
T203927,Titans Vs KKR,Titans,1,WriddhimanSaha,out,17,17,3,0,100.00
T203927,Titans Vs KKR,Titans,2,ShubmanGill,out,39,31,5,0,125.80
T203927,Titans Vs KKR,Titans,3,SaiSudharsan,out,53,38,3,2,139.47
T203927,Titans Vs KKR,Titans,4,AbhinavManohar,out,14,8,3,0,175.00
T203927,Titans Vs KKR,Titans,5,VijayShankar,not_out,63,24,4,5,262.50
T203927,Titans Vs KKR,Titans,6,DavidMiller,not_out,2,3,0,0,66.66
T203927,Titans Vs KKR,KKR,1,RahmanullahGurbaz,out,15,12,1,1,125.00
T203927,Titans Vs KKR,KKR,2,NarayanJagadeesan,out,6,8,1,0,75.00
T203927,Titans Vs KKR,KKR,3,VenkateshIyer,out,83,40,8,5,207.50
T203927,Titans Vs KKR,KKR,4,NitishRana,out,45,29,4,3,155.17
T203927,Titans Vs KKR,KKR,5,RinkuSingh,not_out,48,21,1,6,228.57
T203927,Titans Vs KKR,KKR,6,AndreRussell,out,1,2,0,0,50.00
T203927,Titans Vs KKR,KKR,7,SunilNarine,out,0,1,0,0,0.00
T203927,Titans Vs KKR,KKR,8,ShardulThakur,out,0,1,0,0,0.00
T203927,Titans Vs KKR,KKR,9,UmeshYadav,not_out,5,6,0,0,83.33
T208249,Punjab Kings Vs Sunrisers,Punjab Kings,1,PrabhsimranSingh,out,0,1,0,0,0.00
T208249,Punjab Kings Vs Sunrisers,Punjab Kings,2,ShikharDhawan,not_out,99,66,12,5,150.00
T208249,Punjab Kings Vs Sunrisers,Punjab Kings,3,MatthewShort,out,1,3,0,0,33.33
T208249,Punjab Kings Vs Sunrisers,Punjab Kings,4,JiteshSharma,out,4,9,1,0,44.44
T208249,Punjab Kings Vs Sunrisers,Punjab Kings,5,SamCurran,out,22,15,3,1,146.66
T208249,Punjab Kings Vs Sunrisers,Punjab Kings,6,SikandarRaza,out,5,6,0,0,83.33
T208249,Punjab Kings Vs Sunrisers,Punjab Kings,7,MShahrukhKhan,out,4,3,1,0,133.33
T208249,Punjab Kings Vs Sunrisers,Punjab Kings,8,HarpreetBrar,out,1,2,0,0,50.00
T208249,Punjab Kings Vs Sunrisers,Punjab Kings,9,RahulChahar,out,0,8,0,0,0.00
T208249,Punjab Kings Vs Sunrisers,Punjab Kings,10,NathanEllis,out,0,5,0,0,0.00
T208249,Punjab Kings Vs Sunrisers,Punjab Kings,11,MohitRathee,not_out,1,2,0,0,50.00
T208249,Punjab Kings Vs Sunrisers,Sunrisers,1,HarryBrook,out,13,14,3,0,92.85
T208249,Punjab Kings Vs Sunrisers,Sunrisers,2,MayankAgarwal,out,21,20,3,0,105.00
T208249,Punjab Kings Vs Sunrisers,Sunrisers,3,RahulTripathi,not_out,74,48,10,3,154.16
T208249,Punjab Kings Vs Sunrisers,Sunrisers,4,AidenMarkram,not_out,37,21,6,0,176.19
T203357,RCB Vs Super Giants,RCB,1,ViratKohli,out,61,44,4,4,138.63
T203357,RCB Vs Super Giants,RCB,2,FafduPlessis,not_out,79,46,5,5,171.73
T203357,RCB Vs Super Giants,RCB,3,GlennMaxwell,out,59,29,3,6,203.44
T203357,RCB Vs Super Giants,RCB,4,DineshKarthik,not_out,1,1,0,0,100.00
T203357,RCB Vs Super Giants,Super Giants,1,KyleMayers,out,0,3,0,0,0.00
T203357,RCB Vs Super Giants,Super Giants,2,KLRahul,out,18,20,1,0,90.00
T203357,RCB Vs Super Giants,Super Giants,3,DeepakHooda,out,9,10,1,0,90.00
T203357,RCB Vs Super Giants,Super Giants,4,KrunalPandya,out,0,2,0,0,0.00
T203357,RCB Vs Super Giants,Super Giants,5,MarcusStoinis,out,65,30,6,5,216.66
T203357,RCB Vs Super Giants,Super Giants,6,NicholasPooran,out,62,19,4,7,326.31
T203357,RCB Vs Super Giants,Super Giants,7,AyushBadoni,out,30,24,4,0,125.00
T203357,RCB Vs Super Giants,Super Giants,8,JaydevUnadkat,out,9,7,1,0,128.57
T203357,RCB Vs Super Giants,Super Giants,9,MarkWood,out,1,2,0,0,50.00
T203357,RCB Vs Super Giants,Super Giants,10,RaviBishnoi,not_out,3,2,0,0,150.00
T203357,RCB Vs Super Giants,Super Giants,11,AveshKhan,not_out,0,1,0,0,0.00
T202058,Capitals Vs Mumbai,Capitals,1,DavidWarner,out,51,47,6,0,108.51
T202058,Capitals Vs Mumbai,Capitals,2,PrithviShaw,out,15,10,3,0,150.00
T202058,Capitals Vs Mumbai,Capitals,3,ManishPandey,out,26,18,5,0,144.44
T202058,Capitals Vs Mumbai,Capitals,4,YashDhull,out,2,4,0,0,50.00
T202058,Capitals Vs Mumbai,Capitals,5,RovmanPowell,out,4,4,1,0,100.00
T202058,Capitals Vs Mumbai,Capitals,6,LalitYadav,out,2,4,0,0,50.00
T202058,Capitals Vs Mumbai,Capitals,7,AxarPatel,out,54,25,4,5,216.00
T202058,Capitals Vs Mumbai,Capitals,8,AbishekPorel,out,1,3,0,0,33.33
T202058,Capitals Vs Mumbai,Capitals,9,KuldeepYadav,out,0,1,0,0,0.00
T202058,Capitals Vs Mumbai,Capitals,10,AnrichNortje,out,5,3,1,0,166.66
T202058,Capitals Vs Mumbai,Capitals,11,MustafizurRahman,not_out,1,1,0,0,100.00
T202058,Capitals Vs Mumbai,Mumbai,1,RohitSharma,out,65,45,6,4,144.44
T202058,Capitals Vs Mumbai,Mumbai,2,IshanKishan,out,31,26,6,0,119.23
T202058,Capitals Vs Mumbai,Mumbai,3,TilakVarma,out,41,29,1,4,141.37
T202058,Capitals Vs Mumbai,Mumbai,4,SuryakumarYadav,out,0,1,0,0,0.00
T202058,Capitals Vs Mumbai,Mumbai,5,TimDavid,not_out,13,11,0,1,118.18
T202058,Capitals Vs Mumbai,Mumbai,6,CameronGreen,not_out,17,8,1,1,212.50
T203450,Royals Vs Super Kings,Royals,1,YashasviJaiswal,out,10,8,2,0,125.00
T203450,Royals Vs Super Kings,Royals,2,JosButtler,out,52,36,1,3,144.44
T203450,Royals Vs Super Kings,Royals,3,DevduttPadikkal,out,38,26,5,0,146.15
T203450,Royals Vs Super Kings,Royals,4,SanjuSamson,out,0,2,0,0,0.00
T203450,Royals Vs Super Kings,Royals,5,RavichandranAshwin,out,30,22,1,2,136.36
T203450,Royals Vs Super Kings,Royals,6,ShimronHetmyer,not_out,30,18,2,2,166.66
T203450,Royals Vs Super Kings,Royals,7,DhruvJurel,out,4,6,0,0,66.66
T203450,Royals Vs Super Kings,Royals,8,JasonHolder,out,0,1,0,0,0.00
T203450,Royals Vs Super Kings,Royals,9,AdamZampa,out,1,1,0,0,100.00
T203450,Royals Vs Super Kings,Super Kings,1,RuturajGaikwad,out,8,10,1,0,80.00
T203450,Royals Vs Super Kings,Super Kings,2,DevonConway,out,50,38,6,0,131.57
T203450,Royals Vs Super Kings,Super Kings,3,AjinkyaRahane,out,31,19,2,1,163.15
T203450,Royals Vs Super Kings,Super Kings,4,ShivamDube,out,8,9,1,0,88.88
T203450,Royals Vs Super Kings,Super Kings,5,MoeenAli,out,7,10,0,0,70.00
T203450,Royals Vs Super Kings,Super Kings,6,AmbatiRayudu,out,1,2,0,0,50.00
T203450,Royals Vs Super Kings,Super Kings,7,RavindraJadeja,not_out,25,15,1,2,166.66
T203450,Royals Vs Super Kings,Super Kings,8,MSDhoni,not_out,32,17,1,3,188.23
T208318,Punjab Kings Vs Titans,Punjab Kings,1,PrabhsimranSingh,out,0,2,0,0,0.00
T208318,Punjab Kings Vs Titans,Punjab Kings,2,ShikharDhawan,out,8,8,2,0,100.00
T208318,Punjab Kings Vs Titans,Punjab Kings,3,MatthewShort,out,36,24,6,1,150.00
T208318,Punjab Kings Vs Titans,Punjab Kings,4,BhanukaRajapaksa,out,20,26,1,0,76.92
T208318,Punjab Kings Vs Titans,Punjab Kings,5,JiteshSharma,out,25,23,5,0,108.69
T208318,Punjab Kings Vs Titans,Punjab Kings,6,SamCurran,out,22,22,1,1,100.00
T208318,Punjab Kings Vs Titans,Punjab Kings,7,MShahrukhKhan,out,22,9,1,2,244.44
T208318,Punjab Kings Vs Titans,Punjab Kings,8,HarpreetBrar,not_out,8,5,0,1,160.00
T208318,Punjab Kings Vs Titans,Punjab Kings,9,RishiDhawan,out,1,1,0,0,100.00
T208318,Punjab Kings Vs Titans,Titans,1,WriddhimanSaha,out,30,19,5,0,157.89
T208318,Punjab Kings Vs Titans,Titans,2,ShubmanGill,out,67,49,7,1,136.73
T208318,Punjab Kings Vs Titans,Titans,3,SaiSudharsan,out,19,20,2,0,95.00
T208318,Punjab Kings Vs Titans,Titans,4,HardikPandya,out,8,11,1,0,72.72
T208318,Punjab Kings Vs Titans,Titans,5,DavidMiller,not_out,17,18,1,0,94.44
T208318,Punjab Kings Vs Titans,Titans,6,RahulTewatia,not_out,5,2,1,0,250.00
T202532,Sunrisers Vs KKR,Sunrisers,1,HarryBrook,not_out,100,55,12,3,181.81
T202532,Sunrisers Vs KKR,Sunrisers,2,MayankAgarwal,out,9,13,0,0,69.23
T202532,Sunrisers Vs KKR,Sunrisers,3,RahulTripathi,out,9,4,2,0,225.00
T202532,Sunrisers Vs KKR,Sunrisers,4,AidenMarkram,out,50,26,2,5,192.30
T202532,Sunrisers Vs KKR,Sunrisers,5,AbhishekSharma,out,32,17,3,2,188.23
T202532,Sunrisers Vs KKR,Sunrisers,6,HeinrichKlaasen,not_out,16,6,2,1,266.66
T202532,Sunrisers Vs KKR,KKR,1,RahmanullahGurbaz,out,0,3,0,0,0.00
T202532,Sunrisers Vs KKR,KKR,2,NarayanJagadeesan,out,36,21,5,1,171.42
T202532,Sunrisers Vs KKR,KKR,3,VenkateshIyer,out,10,11,2,0,90.90
T202532,Sunrisers Vs KKR,KKR,4,SunilNarine,out,0,1,0,0,0.00
T202532,Sunrisers Vs KKR,KKR,5,NitishRana,out,75,41,5,6,182.92
T202532,Sunrisers Vs KKR,KKR,6,AndreRussell,out,3,6,0,0,50.00
T202532,Sunrisers Vs KKR,KKR,7,RinkuSingh,not_out,58,31,4,4,187.09
T202532,Sunrisers Vs KKR,KKR,8,ShardulThakur,out,12,7,2,0,171.42
T202532,Sunrisers Vs KKR,KKR,9,UmeshYadav,not_out,1,1,0,0,100.00
T207991,RCB Vs Capitals,RCB,1,ViratKohli,out,50,34,6,1,147.05
T207991,RCB Vs Capitals,RCB,2,FafduPlessis,out,22,16,3,1,137.50
T207991,RCB Vs Capitals,RCB,3,MahipalLomror,out,26,18,0,2,144.44
T207991,RCB Vs Capitals,RCB,4,GlennMaxwell,out,24,14,0,3,171.42
T207991,RCB Vs Capitals,RCB,5,HarshalPatel,out,6,4,0,1,150.00
T207991,RCB Vs Capitals,RCB,6,ShahbazAhmed,not_out,20,12,3,0,166.66
T207991,RCB Vs Capitals,RCB,7,DineshKarthik,out,0,1,0,0,0.00
T207991,RCB Vs Capitals,RCB,8,AnujRawat,not_out,15,22,1,0,68.18
T207991,RCB Vs Capitals,Capitals,1,DavidWarner,out,19,13,4,0,146.15
T207991,RCB Vs Capitals,Capitals,2,PrithviShaw,out,0,2,0,0,0.00
T207991,RCB Vs Capitals,Capitals,3,MitchellMarsh,out,0,4,0,0,0.00
T207991,RCB Vs Capitals,Capitals,4,YashDhull,out,1,4,0,0,25.00
T207991,RCB Vs Capitals,Capitals,5,ManishPandey,out,50,38,5,1,131.57
T207991,RCB Vs Capitals,Capitals,6,AbishekPorel,out,5,8,0,0,62.50
T207991,RCB Vs Capitals,Capitals,7,AxarPatel,out,21,14,3,0,150.00
T207991,RCB Vs Capitals,Capitals,8,AmanHakimKhan,out,18,10,1,1,180.00
T207991,RCB Vs Capitals,Capitals,9,LalitYadav,out,4,7,0,0,57.14
T207991,RCB Vs Capitals,Capitals,10,AnrichNortje,not_out,23,14,4,0,164.28
T207991,RCB Vs Capitals,Capitals,11,KuldeepYadav,not_out,7,6,1,0,116.66
T204901,Super Giants Vs Punjab Kings,Super Giants,1,KLRahul,out,74,56,8,1,132.14
T204901,Super Giants Vs Punjab Kings,Super Giants,2,KyleMayers,out,29,23,1,3,126.08
T204901,Super Giants Vs Punjab Kings,Super Giants,3,DeepakHooda,out,2,3,0,0,66.66
T204901,Super Giants Vs Punjab Kings,Super Giants,4,KrunalPandya,out,18,17,2,0,105.88
T204901,Super Giants Vs Punjab Kings,Super Giants,5,NicholasPooran,out,0,1,0,0,0.00
T204901,Super Giants Vs Punjab Kings,Super Giants,6,MarcusStoinis,out,15,11,0,2,136.36
T204901,Super Giants Vs Punjab Kings,Super Giants,7,AyushBadoni,not_out,5,6,0,0,83.33
T204901,Super Giants Vs Punjab Kings,Super Giants,8,KrishnappaGowtham,out,1,2,0,0,50.00
T204901,Super Giants Vs Punjab Kings,Super Giants,9,YudhvirSingh,out,0,1,0,0,0.00
T204901,Super Giants Vs Punjab Kings,Super Giants,10,RaviBishnoi,not_out,3,1,0,0,300.00
T204901,Super Giants Vs Punjab Kings,Punjab Kings,1,AtharvaTaide,out,0,3,0,0,0.00
T204901,Super Giants Vs Punjab Kings,Punjab Kings,2,PrabhsimranSingh,out,4,4,1,0,100.00
T204901,Super Giants Vs Punjab Kings,Punjab Kings,3,MatthewShort,out,34,22,5,1,154.54
T204901,Super Giants Vs Punjab Kings,Punjab Kings,4,HarpreetSingh,out,22,22,3,0,100.00
T204901,Super Giants Vs Punjab Kings,Punjab Kings,5,SikandarRaza,out,57,41,4,3,139.02
T204901,Super Giants Vs Punjab Kings,Punjab Kings,6,SamCurran,out,6,6,1,0,100.00
T204901,Super Giants Vs Punjab Kings,Punjab Kings,7,JiteshSharma,out,2,4,0,0,50.00
T204901,Super Giants Vs Punjab Kings,Punjab Kings,8,MShahrukhKhan,not_out,23,10,1,2,230.00
T204901,Super Giants Vs Punjab Kings,Punjab Kings,9,HarpreetBrar,out,6,4,1,0,150.00
T204901,Super Giants Vs Punjab Kings,Punjab Kings,10,KagisoRabada,not_out,0,1,0,0,0.00
T203876,KKR Vs Mumbai,KKR,1,RahmanullahGurbaz,out,8,12,0,0,66.66
T203876,KKR Vs Mumbai,KKR,2,NarayanJagadeesan,out,0,5,0,0,0.00
T203876,KKR Vs Mumbai,KKR,3,VenkateshIyer,out,104,51,6,9,203.92
T203876,KKR Vs Mumbai,KKR,4,NitishRana,out,5,10,0,0,50.00
T203876,KKR Vs Mumbai,KKR,5,ShardulThakur,out,13,11,1,0,118.18
T203876,KKR Vs Mumbai,KKR,6,RinkuSingh,out,18,18,2,0,100.00
T203876,KKR Vs Mumbai,KKR,7,AndreRussell,not_out,21,11,3,1,190.90
T203876,KKR Vs Mumbai,KKR,8,SunilNarine,not_out,2,2,0,0,100.00
T203876,KKR Vs Mumbai,Mumbai,1,RohitSharma,out,20,13,1,2,153.84
T203876,KKR Vs Mumbai,Mumbai,2,IshanKishan,out,58,25,5,5,232.00
T203876,KKR Vs Mumbai,Mumbai,3,SuryakumarYadav,out,43,25,4,3,172.00
T203876,KKR Vs Mumbai,Mumbai,4,TilakVarma,out,30,25,3,1,120.00
T203876,KKR Vs Mumbai,Mumbai,5,TimDavid,not_out,24,13,1,2,184.61
T203876,KKR Vs Mumbai,Mumbai,6,NehalWadhera,out,6,4,1,0,150.00
T203876,KKR Vs Mumbai,Mumbai,7,CameronGreen,not_out,1,1,0,0,100.00
T202106,Titans Vs Royals,Titans,1,WriddhimanSaha,out,4,3,1,0,133.33
T202106,Titans Vs Royals,Titans,2,ShubmanGill,out,45,34,4,1,132.35
T202106,Titans Vs Royals,Titans,3,SaiSudharsan,out,20,19,2,0,105.26
T202106,Titans Vs Royals,Titans,4,HardikPandya,out,28,19,3,1,147.36
T202106,Titans Vs Royals,Titans,5,DavidMiller,out,46,30,3,2,153.33
T202106,Titans Vs Royals,Titans,6,AbhinavManohar,out,27,13,0,3,207.69
T202106,Titans Vs Royals,Titans,7,RahulTewatia,not_out,1,1,0,0,100.00
T202106,Titans Vs Royals,Titans,8,RashidKhan,out,1,1,0,0,100.00
T202106,Titans Vs Royals,Titans,9,AlzarriJoseph,not_out,0,0,0,0,-
T202106,Titans Vs Royals,Royals,1,YashasviJaiswal,out,1,7,0,0,14.28
T202106,Titans Vs Royals,Royals,2,JosButtler,out,0,5,0,0,0.00
T202106,Titans Vs Royals,Royals,3,DevduttPadikkal,out,26,25,2,2,104.00
T202106,Titans Vs Royals,Royals,4,SanjuSamson,out,60,32,3,6,187.50
T202106,Titans Vs Royals,Royals,5,RiyanParag,out,5,7,0,0,71.42
T202106,Titans Vs Royals,Royals,6,ShimronHetmyer,not_out,56,26,2,5,215.38
T202106,Titans Vs Royals,Royals,7,DhruvJurel,out,18,10,2,1,180.00
T202106,Titans Vs Royals,Royals,8,RavichandranAshwin,out,10,3,1,1,333.33
T202106,Titans Vs Royals,Royals,9,TrentBoult,not_out,0,1,0,0,0.00
T207821,Super Kings Vs RCB,Super Kings,1,RuturajGaikwad,out,3,6,0,0,50.00
T207821,Super Kings Vs RCB,Super Kings,2,DevonConway,out,83,45,6,6,184.44
T207821,Super Kings Vs RCB,Super Kings,3,AjinkyaRahane,out,37,20,3,2,185.00
T207821,Super Kings Vs RCB,Super Kings,4,ShivamDube,out,52,27,2,5,192.59
T207821,Super Kings Vs RCB,Super Kings,5,AmbatiRayudu,out,14,6,1,1,233.33
T207821,Super Kings Vs RCB,Super Kings,6,MoeenAli,not_out,19,9,0,2,211.11
T207821,Super Kings Vs RCB,Super Kings,7,RavindraJadeja,out,10,8,0,1,125.00
T207821,Super Kings Vs RCB,Super Kings,8,MSDhoni,not_out,1,1,0,0,100.00
T207821,Super Kings Vs RCB,RCB,1,ViratKohli,out,6,4,1,0,150.00
T207821,Super Kings Vs RCB,RCB,2,FafduPlessis,out,62,33,5,4,187.87
T207821,Super Kings Vs RCB,RCB,3,MahipalLomror,out,0,5,0,0,0.00
T207821,Super Kings Vs RCB,RCB,4,GlennMaxwell,out,76,36,3,8,211.11
T207821,Super Kings Vs RCB,RCB,5,ShahbazAhmed,out,12,10,0,1,120.00
T207821,Super Kings Vs RCB,RCB,6,DineshKarthik,out,28,14,3,1,200.00
T207821,Super Kings Vs RCB,RCB,7,SuyashPrabhudessai,out,19,11,0,2,172.72
T207821,Super Kings Vs RCB,RCB,8,WayneParnell,out,2,5,0,0,40.00
T207821,Super Kings Vs RCB,RCB,9,WaninduHasaranga,not_out,2,2,0,0,100.00
T208353,Mumbai Vs Sunrisers,Mumbai,1,RohitSharma,out,28,18,6,0,155.55
T208353,Mumbai Vs Sunrisers,Mumbai,2,IshanKishan,out,38,31,3,2,122.58
T208353,Mumbai Vs Sunrisers,Mumbai,3,CameronGreen,not_out,64,40,6,2,160.00
T208353,Mumbai Vs Sunrisers,Mumbai,4,SuryakumarYadav,out,7,3,0,1,233.33
T208353,Mumbai Vs Sunrisers,Mumbai,5,TilakVarma,out,37,17,2,4,217.64
T208353,Mumbai Vs Sunrisers,Mumbai,6,TimDavid,out,16,11,2,0,145.45
T208353,Mumbai Vs Sunrisers,Sunrisers,1,HarryBrook,out,9,7,2,0,128.57
T208353,Mumbai Vs Sunrisers,Sunrisers,2,MayankAgarwal,out,48,41,4,1,117.07
T208353,Mumbai Vs Sunrisers,Sunrisers,3,RahulTripathi,out,7,5,1,0,140.00
T208353,Mumbai Vs Sunrisers,Sunrisers,4,AidenMarkram,out,22,17,1,1,129.41
T208353,Mumbai Vs Sunrisers,Sunrisers,5,AbhishekSharma,out,1,2,0,0,50.00
T208353,Mumbai Vs Sunrisers,Sunrisers,6,HeinrichKlaasen,out,36,16,4,2,225.00
T208353,Mumbai Vs Sunrisers,Sunrisers,7,AbdulSamad,out,9,12,1,0,75.00
T208353,Mumbai Vs Sunrisers,Sunrisers,8,MarcoJansen,out,13,6,3,0,216.66
T208353,Mumbai Vs Sunrisers,Sunrisers,9,WashingtonSundar,out,10,6,2,0,166.66
T208353,Mumbai Vs Sunrisers,Sunrisers,10,BhuvneshwarKumar,out,2,5,0,0,40.00
T208353,Mumbai Vs Sunrisers,Sunrisers,11,MayankMarkande,not_out,2,2,0,0,100.00
T208785,Super Giants Vs Royals,Super Giants,1,KLRahul,out,39,32,4,1,121.87
T208785,Super Giants Vs Royals,Super Giants,2,KyleMayers,out,51,42,4,3,121.42
T208785,Super Giants Vs Royals,Super Giants,3,AyushBadoni,out,1,4,0,0,25.00
T208785,Super Giants Vs Royals,Super Giants,4,DeepakHooda,out,2,4,0,0,50.00
T208785,Super Giants Vs Royals,Super Giants,5,MarcusStoinis,out,21,16,2,0,131.25
T208785,Super Giants Vs Royals,Super Giants,6,NicholasPooran,out,29,20,2,1,145.00
T208785,Super Giants Vs Royals,Super Giants,7,KrunalPandya,not_out,4,2,1,0,200.00
T208785,Super Giants Vs Royals,Super Giants,8,YudhvirSingh,out,1,1,0,0,100.00
T208785,Super Giants Vs Royals,Royals,1,YashasviJaiswal,out,44,35,4,2,125.71
T208785,Super Giants Vs Royals,Royals,2,JosButtler,out,40,41,4,1,97.56
T208785,Super Giants Vs Royals,Royals,3,SanjuSamson,out,2,4,0,0,50.00
T208785,Super Giants Vs Royals,Royals,4,DevduttPadikkal,out,26,21,4,0,123.80
T208785,Super Giants Vs Royals,Royals,5,ShimronHetmyer,out,2,5,0,0,40.00
T208785,Super Giants Vs Royals,Royals,6,RiyanParag,not_out,15,12,1,1,125.00
T208785,Super Giants Vs Royals,Royals,7,DhruvJurel,out,0,1,0,0,0.00
T208785,Super Giants Vs Royals,Royals,8,RavichandranAshwin,not_out,3,2,0,0,150.00
T206323,RCB Vs Punjab Kings,RCB,1,ViratKohli,out,59,47,5,1,125.53
T206323,RCB Vs Punjab Kings,RCB,2,FafduPlessis,out,84,56,5,5,150.00
T206323,RCB Vs Punjab Kings,RCB,3,GlennMaxwell,out,0,1,0,0,0.00
T206323,RCB Vs Punjab Kings,RCB,4,DineshKarthik,out,7,5,1,0,140.00
T206323,RCB Vs Punjab Kings,RCB,5,MahipalLomror,not_out,7,9,1,0,77.77
T206323,RCB Vs Punjab Kings,RCB,6,ShahbazAhmed,not_out,5,3,0,0,166.66
T206323,RCB Vs Punjab Kings,Punjab Kings,1,AtharvaTaide,out,4,2,1,0,200.00
T206323,RCB Vs Punjab Kings,Punjab Kings,2,PrabhsimranSingh,out,46,30,3,4,153.33
T206323,RCB Vs Punjab Kings,Punjab Kings,3,MatthewShort,out,8,7,0,1,114.28
T206323,RCB Vs Punjab Kings,Punjab Kings,4,LiamLivingstone,out,2,4,0,0,50.00
T206323,RCB Vs Punjab Kings,Punjab Kings,5,HarpreetSingh,out,13,9,1,1,144.44
T206323,RCB Vs Punjab Kings,Punjab Kings,6,SamCurran,out,10,12,1,0,83.33
T206323,RCB Vs Punjab Kings,Punjab Kings,7,JiteshSharma,out,41,27,2,3,151.85
T206323,RCB Vs Punjab Kings,Punjab Kings,8,MShahrukhKhan,out,7,5,0,1,140.00
T206323,RCB Vs Punjab Kings,Punjab Kings,9,HarpreetBrar,out,13,13,1,0,100.00
T206323,RCB Vs Punjab Kings,Punjab Kings,10,NathanEllis,out,1,2,0,0,50.00
T206323,RCB Vs Punjab Kings,Punjab Kings,11,ArshdeepSingh,not_out,0,0,0,0,-
T201404,KKR Vs Capitals,KKR,1,JasonRoy,out,43,39,5,1,110.25
T201404,KKR Vs Capitals,KKR,2,LittonDas,out,4,4,1,0,100.00
T201404,KKR Vs Capitals,KKR,3,VenkateshIyer,out,0,2,0,0,0.00
T201404,KKR Vs Capitals,KKR,4,NitishRana,out,4,7,1,0,57.14
T201404,KKR Vs Capitals,KKR,5,MandeepSingh,out,12,11,0,1,109.09
T201404,KKR Vs Capitals,KKR,6,RinkuSingh,out,6,8,1,0,75.00
T201404,KKR Vs Capitals,KKR,7,SunilNarine,out,4,6,1,0,66.66
T201404,KKR Vs Capitals,KKR,8,AndreRussell,not_out,38,31,1,4,122.58
T201404,KKR Vs Capitals,KKR,9,AnukulRoy,out,0,1,0,0,0.00
T201404,KKR Vs Capitals,KKR,10,UmeshYadav,out,3,5,0,0,60.00
T201404,KKR Vs Capitals,KKR,11,VarunChakravarthy,out,1,6,0,0,16.66
T201404,KKR Vs Capitals,Capitals,1,DavidWarner,out,57,41,11,0,139.02
T201404,KKR Vs Capitals,Capitals,2,PrithviShaw,out,13,11,2,0,118.18
T201404,KKR Vs Capitals,Capitals,3,MitchellMarsh,out,2,9,0,0,22.22
T201404,KKR Vs Capitals,Capitals,4,PhilSalt,out,5,3,1,0,166.66
T201404,KKR Vs Capitals,Capitals,5,ManishPandey,out,21,23,2,0,91.30
T201404,KKR Vs Capitals,Capitals,6,AxarPatel,not_out,19,22,1,0,86.36
T201404,KKR Vs Capitals,Capitals,7,AmanHakimKhan,out,0,2,0,0,0.00
T201404,KKR Vs Capitals,Capitals,8,LalitYadav,not_out,4,7,0,0,57.14
T209492,Sunrisers Vs Super Kings,Sunrisers,1,HarryBrook,out,18,13,3,0,138.46
T209492,Sunrisers Vs Super Kings,Sunrisers,2,AbhishekSharma,out,34,26,3,1,130.76
T209492,Sunrisers Vs Super Kings,Sunrisers,3,RahulTripathi,out,21,21,1,1,100.00
T209492,Sunrisers Vs Super Kings,Sunrisers,4,AidenMarkram,out,12,12,1,0,100.00
T209492,Sunrisers Vs Super Kings,Sunrisers,5,HeinrichKlaasen,out,17,16,1,0,106.25
T209492,Sunrisers Vs Super Kings,Sunrisers,6,MayankAgarwal,out,2,4,0,0,50.00
T209492,Sunrisers Vs Super Kings,Sunrisers,7,MarcoJansen,not_out,17,22,1,0,77.27
T209492,Sunrisers Vs Super Kings,Sunrisers,8,WashingtonSundar,out,9,6,1,0,150.00
T209492,Sunrisers Vs Super Kings,Super Kings,1,RuturajGaikwad,out,35,30,2,0,116.66
T209492,Sunrisers Vs Super Kings,Super Kings,2,DevonConway,not_out,77,57,12,1,135.08
T209492,Sunrisers Vs Super Kings,Super Kings,3,AjinkyaRahane,out,9,10,0,0,90.00
T209492,Sunrisers Vs Super Kings,Super Kings,4,AmbatiRayudu,out,9,9,1,0,100.00
T209492,Sunrisers Vs Super Kings,Super Kings,5,MoeenAli,not_out,6,6,1,0,100.00
T201038,Titans Vs Super Giants,Titans,1,WriddhimanSaha,out,47,37,6,0,127.02
T201038,Titans Vs Super Giants,Titans,2,ShubmanGill,out,0,2,0,0,0.00
T201038,Titans Vs Super Giants,Titans,3,HardikPandya,out,66,50,2,4,132.00
T201038,Titans Vs Super Giants,Titans,4,AbhinavManohar,out,3,5,0,0,60.00
T201038,Titans Vs Super Giants,Titans,5,VijayShankar,out,10,12,1,0,83.33
T201038,Titans Vs Super Giants,Titans,6,DavidMiller,out,6,12,0,0,50.00
T201038,Titans Vs Super Giants,Titans,7,RahulTewatia,not_out,2,2,0,0,100.00
T201038,Titans Vs Super Giants,Super Giants,1,KLRahul,out,68,61,8,0,111.47
T201038,Titans Vs Super Giants,Super Giants,2,KyleMayers,out,24,19,2,1,126.31
T201038,Titans Vs Super Giants,Super Giants,3,KrunalPandya,out,23,23,2,1,100.00
T201038,Titans Vs Super Giants,Super Giants,4,NicholasPooran,out,1,7,0,0,14.28
T201038,Titans Vs Super Giants,Super Giants,5,AyushBadoni,out,8,6,0,0,133.33
T201038,Titans Vs Super Giants,Super Giants,6,MarcusStoinis,out,0,1,0,0,0.00
T201038,Titans Vs Super Giants,Super Giants,7,DeepakHooda,out,2,2,0,0,100.00
T201038,Titans Vs Super Giants,Super Giants,8,PrerakMankad,not_out,0,0,0,0,-
T201038,Titans Vs Super Giants,Super Giants,9,RaviBishnoi,not_out,0,1,0,0,0.00
T205955,Punjab Kings Vs Mumbai,Punjab Kings,1,MatthewShort,out,11,10,2,0,110.00
T205955,Punjab Kings Vs Mumbai,Punjab Kings,2,PrabhsimranSingh,out,26,17,1,2,152.94
T205955,Punjab Kings Vs Mumbai,Punjab Kings,3,AtharvaTaide,out,29,17,3,1,170.58
T205955,Punjab Kings Vs Mumbai,Punjab Kings,4,LiamLivingstone,out,10,12,0,1,83.33
T205955,Punjab Kings Vs Mumbai,Punjab Kings,5,HarpreetSingh,out,41,28,4,2,146.42
T205955,Punjab Kings Vs Mumbai,Punjab Kings,6,SamCurran,out,55,29,5,4,189.65
T205955,Punjab Kings Vs Mumbai,Punjab Kings,7,JiteshSharma,out,25,7,0,4,357.14
T205955,Punjab Kings Vs Mumbai,Punjab Kings,8,MShahrukhKhan,not_out,0,0,0,0,-
T205955,Punjab Kings Vs Mumbai,Punjab Kings,9,HarpreetBrar,out,5,2,1,0,250.00
T205955,Punjab Kings Vs Mumbai,Mumbai,1,RohitSharma,out,44,27,4,3,162.96
T205955,Punjab Kings Vs Mumbai,Mumbai,2,IshanKishan,out,1,4,0,0,25.00
T205955,Punjab Kings Vs Mumbai,Mumbai,3,CameronGreen,out,67,43,6,3,155.81
T205955,Punjab Kings Vs Mumbai,Mumbai,4,SuryakumarYadav,out,57,26,7,3,219.23
T205955,Punjab Kings Vs Mumbai,Mumbai,5,TimDavid,not_out,25,13,0,2,192.30
T205955,Punjab Kings Vs Mumbai,Mumbai,6,TilakVarma,out,3,4,0,0,75.00
T205955,Punjab Kings Vs Mumbai,Mumbai,7,NehalWadhera,out,0,1,0,0,0.00
T205955,Punjab Kings Vs Mumbai,Mumbai,8,JofraArcher,not_out,1,2,0,0,50.00
T208050,RCB Vs Royals,RCB,1,ViratKohli,out,0,1,0,0,0.00
T208050,RCB Vs Royals,RCB,2,FafduPlessis,out,62,39,8,2,158.97
T208050,RCB Vs Royals,RCB,3,ShahbazAhmed,out,2,4,0,0,50.00
T208050,RCB Vs Royals,RCB,4,GlennMaxwell,out,77,44,6,4,175.00
T208050,RCB Vs Royals,RCB,5,MahipalLomror,out,8,6,1,0,133.33
T208050,RCB Vs Royals,RCB,6,DineshKarthik,out,16,13,2,0,123.07
T208050,RCB Vs Royals,RCB,7,SuyashPrabhudessai,out,0,2,0,0,0.00
T208050,RCB Vs Royals,RCB,8,WaninduHasaranga,out,6,7,0,0,85.71
T208050,RCB Vs Royals,RCB,9,DavidWilley,not_out,4,2,1,0,200.00
T208050,RCB Vs Royals,RCB,10,VijaykumarVyshak,out,0,1,0,0,0.00
T208050,RCB Vs Royals,RCB,11,MohammedSiraj,not_out,1,1,0,0,100.00
T208050,RCB Vs Royals,Royals,1,YashasviJaiswal,out,47,37,5,2,127.02
T208050,RCB Vs Royals,Royals,2,JosButtler,out,0,2,0,0,0.00
T208050,RCB Vs Royals,Royals,3,DevduttPadikkal,out,52,34,7,1,152.94
T208050,RCB Vs Royals,Royals,4,SanjuSamson,out,22,15,2,1,146.66
T208050,RCB Vs Royals,Royals,5,ShimronHetmyer,out,3,9,0,0,33.33
T208050,RCB Vs Royals,Royals,6,DhruvJurel,not_out,34,16,2,2,212.50
T208050,RCB Vs Royals,Royals,7,RavichandranAshwin,out,12,6,2,0,200.00
T208050,RCB Vs Royals,Royals,8,AbdulBasith,not_out,1,1,0,0,100.00
T208630,Super Kings Vs KKR,Super Kings,1,RuturajGaikwad,out,35,20,2,3,175.00
T208630,Super Kings Vs KKR,Super Kings,2,DevonConway,out,56,40,4,3,140.00
T208630,Super Kings Vs KKR,Super Kings,3,AjinkyaRahane,not_out,71,29,6,5,244.82
T208630,Super Kings Vs KKR,Super Kings,4,ShivamDube,out,50,21,2,5,238.09
T208630,Super Kings Vs KKR,Super Kings,5,RavindraJadeja,out,18,8,0,2,225.00
T208630,Super Kings Vs KKR,Super Kings,6,MSDhoni,not_out,2,3,0,0,66.66
T208630,Super Kings Vs KKR,KKR,1,NarayanJagadeesan,out,1,3,0,0,33.33
T208630,Super Kings Vs KKR,KKR,2,SunilNarine,out,0,3,0,0,0.00
T208630,Super Kings Vs KKR,KKR,3,VenkateshIyer,out,20,20,2,1,100.00
T208630,Super Kings Vs KKR,KKR,4,NitishRana,out,27,20,4,1,135.00
T208630,Super Kings Vs KKR,KKR,5,JasonRoy,out,61,26,5,5,234.61
T208630,Super Kings Vs KKR,KKR,6,RinkuSingh,not_out,53,33,3,4,160.60
T208630,Super Kings Vs KKR,KKR,7,AndreRussell,out,9,6,0,1,150.00
T208630,Super Kings Vs KKR,KKR,8,DavidWiese,out,1,2,0,0,50.00
T208630,Super Kings Vs KKR,KKR,9,UmeshYadav,out,4,4,0,0,100.00
T208630,Super Kings Vs KKR,KKR,10,VarunChakravarthy,not_out,0,3,0,0,0.00
T201505,Capitals Vs Sunrisers,Capitals,1,DavidWarner,out,21,20,2,1,105.00
T201505,Capitals Vs Sunrisers,Capitals,2,PhilSalt,out,0,1,0,0,0.00
T201505,Capitals Vs Sunrisers,Capitals,3,MitchellMarsh,out,25,15,5,0,166.66
T201505,Capitals Vs Sunrisers,Capitals,4,SarfarazKhan,out,10,9,0,1,111.11
T201505,Capitals Vs Sunrisers,Capitals,5,ManishPandey,out,34,27,2,0,125.92
T201505,Capitals Vs Sunrisers,Capitals,6,AmanHakimKhan,out,4,2,1,0,200.00
T201505,Capitals Vs Sunrisers,Capitals,7,AxarPatel,out,34,34,4,0,100.00
T201505,Capitals Vs Sunrisers,Capitals,8,RipalPatel,out,5,6,0,0,83.33
T201505,Capitals Vs Sunrisers,Capitals,9,AnrichNortje,out,2,2,0,0,100.00
T201505,Capitals Vs Sunrisers,Capitals,10,KuldeepYadav,not_out,4,3,1,0,133.33
T201505,Capitals Vs Sunrisers,Capitals,11,IshantSharma,not_out,1,1,0,0,100.00
T201505,Capitals Vs Sunrisers,Sunrisers,1,HarryBrook,out,7,14,0,0,50.00
T201505,Capitals Vs Sunrisers,Sunrisers,2,MayankAgarwal,out,49,39,7,0,125.64
T201505,Capitals Vs Sunrisers,Sunrisers,3,RahulTripathi,out,15,21,0,0,71.42
T201505,Capitals Vs Sunrisers,Sunrisers,4,AbhishekSharma,out,5,5,0,0,100.00
T201505,Capitals Vs Sunrisers,Sunrisers,5,AidenMarkram,out,3,5,0,0,60.00
T201505,Capitals Vs Sunrisers,Sunrisers,6,HeinrichKlaasen,out,31,19,3,1,163.15
T201505,Capitals Vs Sunrisers,Sunrisers,7,WashingtonSundar,not_out,24,15,3,0,160.00
T201505,Capitals Vs Sunrisers,Sunrisers,8,MarcoJansen,not_out,2,3,0,0,66.66
T209782,Titans Vs Mumbai,Titans,1,WriddhimanSaha,out,4,7,0,0,57.14
T209782,Titans Vs Mumbai,Titans,2,ShubmanGill,out,56,34,7,1,164.70
T209782,Titans Vs Mumbai,Titans,3,HardikPandya,out,13,14,1,0,92.85
T209782,Titans Vs Mumbai,Titans,4,VijayShankar,out,19,16,1,1,118.75
T209782,Titans Vs Mumbai,Titans,5,DavidMiller,out,46,22,2,4,209.09
T209782,Titans Vs Mumbai,Titans,6,AbhinavManohar,out,42,21,3,3,200.00
T209782,Titans Vs Mumbai,Titans,7,RahulTewatia,not_out,20,5,0,3,400.00
T209782,Titans Vs Mumbai,Titans,8,RashidKhan,not_out,2,1,0,0,200.00
T209782,Titans Vs Mumbai,Mumbai,1,RohitSharma,out,2,8,0,0,25.00
T209782,Titans Vs Mumbai,Mumbai,2,IshanKishan,out,13,21,1,0,61.90
T209782,Titans Vs Mumbai,Mumbai,3,CameronGreen,out,33,26,0,3,126.92
T209782,Titans Vs Mumbai,Mumbai,4,TilakVarma,out,2,3,0,0,66.66
T209782,Titans Vs Mumbai,Mumbai,5,SuryakumarYadav,out,23,12,3,1,191.66
T209782,Titans Vs Mumbai,Mumbai,6,TimDavid,out,0,2,0,0,0.00
T209782,Titans Vs Mumbai,Mumbai,7,NehalWadhera,out,40,21,3,3,190.47
T209782,Titans Vs Mumbai,Mumbai,8,PiyushChawla,out,18,12,1,1,150.00
T209782,Titans Vs Mumbai,Mumbai,9,ArjunTendulkar,out,13,9,0,1,144.44
T209782,Titans Vs Mumbai,Mumbai,10,JasonBehrendorff,not_out,3,4,0,0,75.00
T209782,Titans Vs Mumbai,Mumbai,11,RileyMeredith,not_out,0,2,0,0,0.00
T203039,KKR Vs RCB,KKR,1,JasonRoy,out,56,29,4,5,193.10
T203039,KKR Vs RCB,KKR,2,NarayanJagadeesan,out,27,29,4,0,93.10
T203039,KKR Vs RCB,KKR,3,VenkateshIyer,out,31,26,3,0,119.23
T203039,KKR Vs RCB,KKR,4,NitishRana,out,48,21,3,4,228.57
T203039,KKR Vs RCB,KKR,5,AndreRussell,out,1,2,0,0,50.00
T203039,KKR Vs RCB,KKR,6,RinkuSingh,not_out,18,10,2,1,180.00
T203039,KKR Vs RCB,KKR,7,DavidWiese,not_out,12,3,0,2,400.00
T203039,KKR Vs RCB,RCB,1,ViratKohli,out,54,37,6,0,145.94
T203039,KKR Vs RCB,RCB,2,FafduPlessis,out,17,7,1,2,242.85
T203039,KKR Vs RCB,RCB,3,ShahbazAhmed,out,2,5,0,0,40.00
T203039,KKR Vs RCB,RCB,4,GlennMaxwell,out,5,4,1,0,125.00
T203039,KKR Vs RCB,RCB,5,MahipalLomror,out,34,18,1,3,188.88
T203039,KKR Vs RCB,RCB,6,DineshKarthik,out,22,18,1,1,122.22
T203039,KKR Vs RCB,RCB,7,SuyashPrabhudessai,out,10,9,1,0,111.11
T203039,KKR Vs RCB,RCB,8,WaninduHasaranga,out,5,4,0,0,125.00
T203039,KKR Vs RCB,RCB,9,DavidWilley,not_out,11,10,1,0,110.00
T203039,KKR Vs RCB,RCB,10,VijaykumarVyshak,not_out,13,8,0,1,162.50
T204320,Royals Vs Super Kings,Royals,1,YashasviJaiswal,out,77,43,8,4,179.06
T204320,Royals Vs Super Kings,Royals,2,JosButtler,out,27,21,4,0,128.57
T204320,Royals Vs Super Kings,Royals,3,SanjuSamson,out,17,17,1,0,100.00
T204320,Royals Vs Super Kings,Royals,4,ShimronHetmyer,out,8,10,0,0,80.00
T204320,Royals Vs Super Kings,Royals,5,DhruvJurel,out,34,15,3,2,226.66
T204320,Royals Vs Super Kings,Royals,6,DevduttPadikkal,not_out,27,13,5,0,207.69
T204320,Royals Vs Super Kings,Royals,7,RavichandranAshwin,not_out,1,1,0,0,100.00
T204320,Royals Vs Super Kings,Super Kings,1,RuturajGaikwad,out,47,29,5,1,162.06
T204320,Royals Vs Super Kings,Super Kings,2,DevonConway,out,8,16,1,0,50.00
T204320,Royals Vs Super Kings,Super Kings,3,AjinkyaRahane,out,15,13,0,0,115.38
T204320,Royals Vs Super Kings,Super Kings,4,ShivamDube,out,52,33,2,4,157.57
T204320,Royals Vs Super Kings,Super Kings,5,AmbatiRayudu,out,0,2,0,0,0.00
T204320,Royals Vs Super Kings,Super Kings,6,MoeenAli,out,23,12,2,2,191.66
T204320,Royals Vs Super Kings,Super Kings,7,RavindraJadeja,not_out,23,15,3,0,153.33
T202948,Super Giants Vs Punjab Kings,Super Giants,1,KLRahul,out,12,9,1,1,133.33
T202948,Super Giants Vs Punjab Kings,Super Giants,2,KyleMayers,out,54,24,7,4,225.00
T202948,Super Giants Vs Punjab Kings,Super Giants,3,AyushBadoni,out,43,24,3,3,179.16
T202948,Super Giants Vs Punjab Kings,Super Giants,4,MarcusStoinis,out,72,40,6,5,180.00
T202948,Super Giants Vs Punjab Kings,Super Giants,5,NicholasPooran,out,45,19,7,1,236.84
T202948,Super Giants Vs Punjab Kings,Super Giants,6,DeepakHooda,not_out,11,6,2,0,183.33
T202948,Super Giants Vs Punjab Kings,Super Giants,7,KrunalPandya,not_out,5,2,1,0,250.00
T202948,Super Giants Vs Punjab Kings,Punjab Kings,1,PrabhsimranSingh,out,9,13,2,0,69.23
T202948,Super Giants Vs Punjab Kings,Punjab Kings,2,ShikharDhawan,out,1,2,0,0,50.00
T202948,Super Giants Vs Punjab Kings,Punjab Kings,3,AtharvaTaide,out,66,36,8,2,183.33
T202948,Super Giants Vs Punjab Kings,Punjab Kings,4,SikandarRaza,out,36,22,4,1,163.63
T202948,Super Giants Vs Punjab Kings,Punjab Kings,5,LiamLivingstone,out,23,14,2,1,164.28
T202948,Super Giants Vs Punjab Kings,Punjab Kings,6,SamCurran,out,21,11,2,1,190.90
T202948,Super Giants Vs Punjab Kings,Punjab Kings,7,JiteshSharma,out,24,10,0,3,240.00
T202948,Super Giants Vs Punjab Kings,Punjab Kings,8,MShahrukhKhan,out,6,9,0,0,66.66
T202948,Super Giants Vs Punjab Kings,Punjab Kings,9,RahulChahar,out,0,1,0,0,0.00
T202948,Super Giants Vs Punjab Kings,Punjab Kings,10,KagisoRabada,out,0,1,0,0,0.00
T202948,Super Giants Vs Punjab Kings,Punjab Kings,11,ArshdeepSingh,not_out,2,2,0,0,100.00
T208384,KKR Vs Titans,KKR,1,NarayanJagadeesan,out,19,15,4,0,126.66
T208384,KKR Vs Titans,KKR,2,RahmanullahGurbaz,out,81,39,5,7,207.69
T208384,KKR Vs Titans,KKR,3,ShardulThakur,out,0,4,0,0,0.00
T208384,KKR Vs Titans,KKR,4,VenkateshIyer,out,11,14,0,0,78.57
T208384,KKR Vs Titans,KKR,5,NitishRana,out,4,3,1,0,133.33
T208384,KKR Vs Titans,KKR,6,RinkuSingh,out,19,20,0,1,95.00
T208384,KKR Vs Titans,KKR,7,AndreRussell,out,34,19,2,3,178.94
T208384,KKR Vs Titans,KKR,8,DavidWiese,not_out,8,6,0,1,133.33
T208384,KKR Vs Titans,Titans,1,WriddhimanSaha,out,10,10,1,0,100.00
T208384,KKR Vs Titans,Titans,2,ShubmanGill,out,49,35,8,0,140.00
T208384,KKR Vs Titans,Titans,3,HardikPandya,out,26,20,2,1,130.00
T208384,KKR Vs Titans,Titans,4,VijayShankar,not_out,51,24,2,5,212.50
T208384,KKR Vs Titans,Titans,5,DavidMiller,not_out,32,18,2,2,177.77
T208709,Sunrisers Vs Capitals,Sunrisers,1,AbhishekSharma,out,67,36,12,1,186.11
T208709,Sunrisers Vs Capitals,Sunrisers,2,MayankAgarwal,out,5,6,1,0,83.33
T208709,Sunrisers Vs Capitals,Sunrisers,3,RahulTripathi,out,10,6,0,1,166.66
T208709,Sunrisers Vs Capitals,Sunrisers,4,AidenMarkram,out,8,13,0,0,61.53
T208709,Sunrisers Vs Capitals,Sunrisers,5,HarryBrook,out,0,2,0,0,0.00
T208709,Sunrisers Vs Capitals,Sunrisers,6,HeinrichKlaasen,not_out,53,27,2,4,196.29
T208709,Sunrisers Vs Capitals,Sunrisers,7,AbdulSamad,out,28,21,1,2,133.33
T208709,Sunrisers Vs Capitals,Sunrisers,8,AkealHosein,not_out,16,10,1,1,160.00
T208709,Sunrisers Vs Capitals,Capitals,1,DavidWarner,out,0,2,0,0,0.00
T208709,Sunrisers Vs Capitals,Capitals,2,PhilSalt,out,59,35,9,0,168.57
T208709,Sunrisers Vs Capitals,Capitals,3,MitchellMarsh,out,63,39,1,6,161.53
T208709,Sunrisers Vs Capitals,Capitals,4,ManishPandey,out,1,3,0,0,33.33
T208709,Sunrisers Vs Capitals,Capitals,5,PriyamGarg,out,12,9,1,0,133.33
T208709,Sunrisers Vs Capitals,Capitals,6,SarfarazKhan,out,9,10,1,0,90.00
T208709,Sunrisers Vs Capitals,Capitals,7,AxarPatel,not_out,29,14,1,2,207.14
T208709,Sunrisers Vs Capitals,Capitals,8,RipalPatel,not_out,11,8,1,0,137.50
T205766,Super Kings Vs Punjab Kings,Super Kings,1,RuturajGaikwad,out,37,31,4,1,119.35
T205766,Super Kings Vs Punjab Kings,Super Kings,2,DevonConway,not_out,92,52,16,1,176.92
T205766,Super Kings Vs Punjab Kings,Super Kings,3,ShivamDube,out,28,17,1,2,164.70
T205766,Super Kings Vs Punjab Kings,Super Kings,4,MoeenAli,out,10,6,2,0,166.66
T205766,Super Kings Vs Punjab Kings,Super Kings,5,RavindraJadeja,out,12,10,0,0,120.00
T205766,Super Kings Vs Punjab Kings,Super Kings,6,MSDhoni,not_out,13,4,0,2,325.00
T205766,Super Kings Vs Punjab Kings,Punjab Kings,1,PrabhsimranSingh,out,42,24,4,2,175.00
T205766,Super Kings Vs Punjab Kings,Punjab Kings,2,ShikharDhawan,out,28,15,4,1,186.66
T205766,Super Kings Vs Punjab Kings,Punjab Kings,3,AtharvaTaide,out,13,17,0,0,76.47
T205766,Super Kings Vs Punjab Kings,Punjab Kings,4,LiamLivingstone,out,40,24,1,4,166.66
T205766,Super Kings Vs Punjab Kings,Punjab Kings,5,SamCurran,out,29,20,1,1,145.00
T205766,Super Kings Vs Punjab Kings,Punjab Kings,6,JiteshSharma,out,21,10,2,1,210.00
T205766,Super Kings Vs Punjab Kings,Punjab Kings,7,MShahrukhKhan,not_out,2,3,0,0,66.66
T205766,Super Kings Vs Punjab Kings,Punjab Kings,8,SikandarRaza,not_out,13,7,1,0,185.71
T204998,Royals Vs Mumbai,Royals,1,YashasviJaiswal,out,124,62,16,8,200.00
T204998,Royals Vs Mumbai,Royals,2,JosButtler,out,18,19,2,1,94.73
T204998,Royals Vs Mumbai,Royals,3,SanjuSamson,out,14,10,1,1,140.00
T204998,Royals Vs Mumbai,Royals,4,DevduttPadikkal,out,2,4,0,0,50.00
T204998,Royals Vs Mumbai,Royals,5,JasonHolder,out,11,9,0,1,122.22
T204998,Royals Vs Mumbai,Royals,6,ShimronHetmyer,out,8,9,0,1,88.88
T204998,Royals Vs Mumbai,Royals,7,DhruvJurel,out,2,3,0,0,66.66
T204998,Royals Vs Mumbai,Royals,8,RavichandranAshwin,not_out,8,5,1,0,160.00
T204998,Royals Vs Mumbai,Royals,9,TrentBoult,not_out,0,0,0,0,-
T204998,Royals Vs Mumbai,Mumbai,1,RohitSharma,out,3,5,0,0,60.00
T204998,Royals Vs Mumbai,Mumbai,2,IshanKishan,out,28,23,4,0,121.73
T204998,Royals Vs Mumbai,Mumbai,3,CameronGreen,out,44,26,4,2,169.23
T204998,Royals Vs Mumbai,Mumbai,4,SuryakumarYadav,out,55,29,8,2,189.65
T204998,Royals Vs Mumbai,Mumbai,5,TilakVarma,not_out,29,21,3,1,138.09
T204998,Royals Vs Mumbai,Mumbai,6,TimDavid,not_out,45,14,2,5,321.42
T203741,RCB Vs Super Giants,RCB,1,ViratKohli,out,31,30,3,0,103.33
T203741,RCB Vs Super Giants,RCB,2,FafduPlessis,out,44,40,1,1,110.00
T203741,RCB Vs Super Giants,RCB,3,AnujRawat,out,9,11,0,0,81.81
T203741,RCB Vs Super Giants,RCB,4,GlennMaxwell,out,4,5,0,0,80.00
T203741,RCB Vs Super Giants,RCB,5,SuyashPrabhudessai,out,6,7,0,0,85.71
T203741,RCB Vs Super Giants,RCB,6,DineshKarthik,out,16,11,1,1,145.45
T203741,RCB Vs Super Giants,RCB,7,MahipalLomror,out,3,4,0,0,75.00
T203741,RCB Vs Super Giants,RCB,8,WaninduHasaranga,not_out,8,7,1,0,114.28
T203741,RCB Vs Super Giants,RCB,9,KarnSharma,out,2,2,0,0,100.00
T203741,RCB Vs Super Giants,RCB,10,MohammedSiraj,out,0,1,0,0,0.00
T203741,RCB Vs Super Giants,RCB,11,JoshHazlewood,not_out,1,2,0,0,50.00
T203741,RCB Vs Super Giants,Super Giants,1,KyleMayers,out,0,2,0,0,0.00
T203741,RCB Vs Super Giants,Super Giants,2,AyushBadoni,out,4,11,0,0,36.36
T203741,RCB Vs Super Giants,Super Giants,3,KrunalPandya,out,14,11,3,0,127.27
T203741,RCB Vs Super Giants,Super Giants,4,DeepakHooda,out,1,2,0,0,50.00
T203741,RCB Vs Super Giants,Super Giants,5,MarcusStoinis,out,13,19,0,1,68.42
T203741,RCB Vs Super Giants,Super Giants,6,NicholasPooran,out,9,7,0,1,128.57
T203741,RCB Vs Super Giants,Super Giants,7,KrishnappaGowtham,out,23,13,1,2,176.92
T203741,RCB Vs Super Giants,Super Giants,8,RaviBishnoi,out,5,10,0,0,50.00
T203741,RCB Vs Super Giants,Super Giants,9,AmitMishra,out,19,30,2,0,63.33
T203741,RCB Vs Super Giants,Super Giants,10,Naveen-ul-Haq,out,13,13,2,0,100.00
T203741,RCB Vs Super Giants,Super Giants,11,KLRahul,not_out,0,3,0,0,0.00
T202829,Capitals Vs Titans,Capitals,1,PhilSalt,out,0,1,0,0,0.00
T202829,Capitals Vs Titans,Capitals,2,DavidWarner,out,2,2,0,0,100.00
T202829,Capitals Vs Titans,Capitals,3,PriyamGarg,out,10,14,0,0,71.42
T202829,Capitals Vs Titans,Capitals,4,RileeRossouw,out,8,6,2,0,133.33
T202829,Capitals Vs Titans,Capitals,5,ManishPandey,out,1,4,0,0,25.00
T202829,Capitals Vs Titans,Capitals,6,AxarPatel,out,27,30,2,1,90.00
T202829,Capitals Vs Titans,Capitals,7,AmanHakimKhan,out,51,44,3,3,115.90
T202829,Capitals Vs Titans,Capitals,8,RipalPatel,out,23,13,2,1,176.92
T202829,Capitals Vs Titans,Capitals,9,AnrichNortje,not_out,3,6,0,0,50.00
T202829,Capitals Vs Titans,Capitals,10,KuldeepYadav,not_out,0,1,0,0,0.00
T202829,Capitals Vs Titans,Titans,1,WriddhimanSaha,out,0,6,0,0,0.00
T202829,Capitals Vs Titans,Titans,2,ShubmanGill,out,6,7,1,0,85.71
T202829,Capitals Vs Titans,Titans,3,HardikPandya,not_out,59,53,7,0,111.32
T202829,Capitals Vs Titans,Titans,4,VijayShankar,out,6,9,1,0,66.66
T202829,Capitals Vs Titans,Titans,5,DavidMiller,out,0,3,0,0,0.00
T202829,Capitals Vs Titans,Titans,6,AbhinavManohar,out,26,33,0,1,78.78
T202829,Capitals Vs Titans,Titans,7,RahulTewatia,out,20,7,0,3,285.71
T202829,Capitals Vs Titans,Titans,8,RashidKhan,not_out,3,2,0,0,150.00
T205538,Punjab Kings Vs Mumbai,Punjab Kings,1,PrabhsimranSingh,out,9,7,1,0,128.57
T205538,Punjab Kings Vs Mumbai,Punjab Kings,2,ShikharDhawan,out,30,20,5,0,150.00
T205538,Punjab Kings Vs Mumbai,Punjab Kings,3,MatthewShort,out,27,26,2,1,103.84
T205538,Punjab Kings Vs Mumbai,Punjab Kings,4,LiamLivingstone,not_out,82,42,7,4,195.23
T205538,Punjab Kings Vs Mumbai,Punjab Kings,5,JiteshSharma,not_out,49,27,5,2,181.48
T205538,Punjab Kings Vs Mumbai,Mumbai,1,RohitSharma,out,0,3,0,0,0.00
T205538,Punjab Kings Vs Mumbai,Mumbai,2,IshanKishan,out,75,41,7,4,182.92
T205538,Punjab Kings Vs Mumbai,Mumbai,3,CameronGreen,out,23,18,4,0,127.77
T205538,Punjab Kings Vs Mumbai,Mumbai,4,SuryakumarYadav,out,66,31,8,2,212.90
T205538,Punjab Kings Vs Mumbai,Mumbai,5,TimDavid,not_out,19,10,3,0,190.00
T205538,Punjab Kings Vs Mumbai,Mumbai,6,TilakVarma,not_out,26,10,1,3,260.00
T204127,KKR Vs Sunrisers,KKR,1,JasonRoy,out,20,19,4,0,105.26
T204127,KKR Vs Sunrisers,KKR,2,RahmanullahGurbaz,out,0,1,0,0,0.00
T204127,KKR Vs Sunrisers,KKR,3,VenkateshIyer,out,7,4,1,0,175.00
T204127,KKR Vs Sunrisers,KKR,4,NitishRana,out,42,31,3,3,135.48
T204127,KKR Vs Sunrisers,KKR,5,RinkuSingh,out,46,35,4,1,131.42
T204127,KKR Vs Sunrisers,KKR,6,AndreRussell,out,24,15,1,2,160.00
T204127,KKR Vs Sunrisers,KKR,7,SunilNarine,out,1,2,0,0,50.00
T204127,KKR Vs Sunrisers,KKR,8,ShardulThakur,out,8,6,1,0,133.33
T204127,KKR Vs Sunrisers,KKR,9,AnukulRoy,not_out,13,7,2,0,185.71
T204127,KKR Vs Sunrisers,KKR,10,HarshitRana,out,0,1,0,0,0.00
T204127,KKR Vs Sunrisers,KKR,11,VaibhavArora,not_out,2,1,0,0,200.00
T204127,KKR Vs Sunrisers,Sunrisers,1,AbhishekSharma,out,9,10,1,0,90.00
T204127,KKR Vs Sunrisers,Sunrisers,2,MayankAgarwal,out,18,11,2,1,163.63
T204127,KKR Vs Sunrisers,Sunrisers,3,RahulTripathi,out,20,9,3,1,222.22
T204127,KKR Vs Sunrisers,Sunrisers,4,AidenMarkram,out,41,40,4,0,102.50
T204127,KKR Vs Sunrisers,Sunrisers,5,HarryBrook,out,0,4,0,0,0.00
T204127,KKR Vs Sunrisers,Sunrisers,6,HeinrichKlaasen,out,36,20,1,3,180.00
T204127,KKR Vs Sunrisers,Sunrisers,7,AbdulSamad,out,21,18,3,0,116.66
T204127,KKR Vs Sunrisers,Sunrisers,8,MarcoJansen,out,1,4,0,0,25.00
T204127,KKR Vs Sunrisers,Sunrisers,9,BhuvneshwarKumar,not_out,5,5,1,0,100.00
T204127,KKR Vs Sunrisers,Sunrisers,10,MayankMarkande,not_out,1,2,0,0,50.00
T209787,Royals Vs Titans,Royals,1,YashasviJaiswal,out,14,11,1,1,127.27
T209787,Royals Vs Titans,Royals,2,JosButtler,out,8,6,2,0,133.33
T209787,Royals Vs Titans,Royals,3,SanjuSamson,out,30,20,3,1,150.00
T209787,Royals Vs Titans,Royals,4,DevduttPadikkal,out,12,12,1,0,100.00
T209787,Royals Vs Titans,Royals,5,RavichandranAshwin,out,2,6,0,0,33.33
T209787,Royals Vs Titans,Royals,6,RiyanParag,out,4,6,0,0,66.66
T209787,Royals Vs Titans,Royals,7,ShimronHetmyer,out,7,13,0,0,53.84
T209787,Royals Vs Titans,Royals,8,DhruvJurel,out,9,8,1,0,112.50
T209787,Royals Vs Titans,Royals,9,TrentBoult,out,15,11,1,1,136.36
T209787,Royals Vs Titans,Royals,10,AdamZampa,out,7,9,0,0,77.77
T209787,Royals Vs Titans,Royals,11,SandeepSharma,not_out,2,5,0,0,40.00
T209787,Royals Vs Titans,Titans,1,WriddhimanSaha,not_out,41,34,5,0,120.58
T209787,Royals Vs Titans,Titans,2,ShubmanGill,out,36,35,6,0,102.85
T209787,Royals Vs Titans,Titans,3,HardikPandya,not_out,39,15,3,3,260.00
T201150,Mumbai Vs Super Kings,Mumbai,1,CameronGreen,out,6,4,1,0,150.00
T201150,Mumbai Vs Super Kings,Mumbai,2,IshanKishan,out,7,9,1,0,77.77
T201150,Mumbai Vs Super Kings,Mumbai,3,RohitSharma,out,0,3,0,0,0.00
T201150,Mumbai Vs Super Kings,Mumbai,4,NehalWadhera,out,64,51,8,1,125.49
T201150,Mumbai Vs Super Kings,Mumbai,5,SuryakumarYadav,out,26,22,3,0,118.18
T201150,Mumbai Vs Super Kings,Mumbai,6,TristanStubbs,out,20,21,2,0,95.23
T201150,Mumbai Vs Super Kings,Mumbai,7,TimDavid,out,2,4,0,0,50.00
T201150,Mumbai Vs Super Kings,Mumbai,8,ArshadKhan,out,1,2,0,0,50.00
T201150,Mumbai Vs Super Kings,Mumbai,9,JofraArcher,not_out,3,2,0,0,150.00
T201150,Mumbai Vs Super Kings,Mumbai,10,PiyushChawla,not_out,2,2,0,0,100.00
T201150,Mumbai Vs Super Kings,Super Kings,1,RuturajGaikwad,out,30,16,4,2,187.50
T201150,Mumbai Vs Super Kings,Super Kings,2,DevonConway,out,44,42,4,0,104.76
T201150,Mumbai Vs Super Kings,Super Kings,3,AjinkyaRahane,out,21,17,1,1,123.52
T201150,Mumbai Vs Super Kings,Super Kings,4,AmbatiRayudu,out,12,11,0,1,109.09
T201150,Mumbai Vs Super Kings,Super Kings,5,ShivamDube,not_out,26,18,0,3,144.44
T201150,Mumbai Vs Super Kings,Super Kings,6,MSDhoni,not_out,2,3,0,0,66.66
T204969,RCB Vs Capitals,RCB,1,ViratKohli,out,55,46,5,0,119.56
T204969,RCB Vs Capitals,RCB,2,FafduPlessis,out,45,32,5,1,140.62
T204969,RCB Vs Capitals,RCB,3,GlennMaxwell,out,0,1,0,0,0.00
T204969,RCB Vs Capitals,RCB,4,MahipalLomror,not_out,54,29,6,3,186.20
T204969,RCB Vs Capitals,RCB,5,DineshKarthik,out,11,9,0,1,122.22
T204969,RCB Vs Capitals,RCB,6,AnujRawat,not_out,8,3,0,1,266.66
T204969,RCB Vs Capitals,Capitals,1,DavidWarner,out,22,14,3,1,157.14
T204969,RCB Vs Capitals,Capitals,2,PhilSalt,out,87,45,8,6,193.33
T204969,RCB Vs Capitals,Capitals,3,MitchellMarsh,out,26,17,3,1,152.94
T204969,RCB Vs Capitals,Capitals,4,RileeRossouw,not_out,35,22,1,3,159.09
T204969,RCB Vs Capitals,Capitals,5,AxarPatel,not_out,8,3,0,1,266.66
T204882,Titans Vs Super Giants,Titans,1,WriddhimanSaha,out,81,43,10,4,188.37
T204882,Titans Vs Super Giants,Titans,2,ShubmanGill,not_out,94,51,2,7,184.31
T204882,Titans Vs Super Giants,Titans,3,HardikPandya,out,25,15,1,2,166.66
T204882,Titans Vs Super Giants,Titans,4,DavidMiller,not_out,21,12,2,1,175.00
T204882,Titans Vs Super Giants,Super Giants,1,KyleMayers,out,48,32,7,2,150.00
T204882,Titans Vs Super Giants,Super Giants,2,QuintondeKock,out,70,41,7,3,170.73
T204882,Titans Vs Super Giants,Super Giants,3,DeepakHooda,out,11,11,0,0,100.00
T204882,Titans Vs Super Giants,Super Giants,4,MarcusStoinis,out,4,9,0,0,44.44
T204882,Titans Vs Super Giants,Super Giants,5,NicholasPooran,out,3,6,0,0,50.00
T204882,Titans Vs Super Giants,Super Giants,6,AyushBadoni,out,21,11,1,2,190.90
T204882,Titans Vs Super Giants,Super Giants,7,SwapnilSingh,not_out,2,4,0,0,50.00
T204882,Titans Vs Super Giants,Super Giants,8,KrunalPandya,out,0,1,0,0,0.00
T204882,Titans Vs Super Giants,Super Giants,9,RaviBishnoi,not_out,4,5,1,0,80.00
T202091,Royals Vs Sunrisers,Royals,1,YashasviJaiswal,out,35,18,5,2,194.44
T202091,Royals Vs Sunrisers,Royals,2,JosButtler,out,95,59,10,4,161.01
T202091,Royals Vs Sunrisers,Royals,3,SanjuSamson,not_out,66,38,4,5,173.68
T202091,Royals Vs Sunrisers,Royals,4,ShimronHetmyer,not_out,7,5,0,0,140.00
T202091,Royals Vs Sunrisers,Sunrisers,1,AnmolpreetSingh,out,33,25,4,1,132.00
T202091,Royals Vs Sunrisers,Sunrisers,2,AbhishekSharma,out,55,34,5,2,161.76
T202091,Royals Vs Sunrisers,Sunrisers,3,RahulTripathi,out,47,29,2,3,162.06
T202091,Royals Vs Sunrisers,Sunrisers,4,HeinrichKlaasen,out,26,12,2,2,216.66
T202091,Royals Vs Sunrisers,Sunrisers,5,AidenMarkram,out,6,5,1,0,120.00
T202091,Royals Vs Sunrisers,Sunrisers,6,GlennPhillips,out,25,7,1,3,357.14
T202091,Royals Vs Sunrisers,Sunrisers,7,AbdulSamad,not_out,17,7,0,2,242.85
T202091,Royals Vs Sunrisers,Sunrisers,8,MarcoJansen,not_out,3,2,0,0,150.00
T205835,Punjab Kings Vs KKR,Punjab Kings,1,PrabhsimranSingh,out,12,8,3,0,150.00
T205835,Punjab Kings Vs KKR,Punjab Kings,2,ShikharDhawan,out,57,47,9,1,121.27
T205835,Punjab Kings Vs KKR,Punjab Kings,3,BhanukaRajapaksa,out,0,3,0,0,0.00
T205835,Punjab Kings Vs KKR,Punjab Kings,4,LiamLivingstone,out,15,9,3,0,166.66
T205835,Punjab Kings Vs KKR,Punjab Kings,5,JiteshSharma,out,21,18,0,2,116.66
T205835,Punjab Kings Vs KKR,Punjab Kings,6,SamCurran,out,4,9,0,0,44.44
T205835,Punjab Kings Vs KKR,Punjab Kings,7,RishiDhawan,out,19,11,1,1,172.72
T205835,Punjab Kings Vs KKR,Punjab Kings,8,MShahrukhKhan,not_out,21,8,3,1,262.50
T205835,Punjab Kings Vs KKR,Punjab Kings,9,HarpreetBrar,not_out,17,9,2,1,188.88
T205835,Punjab Kings Vs KKR,KKR,1,JasonRoy,out,38,24,8,0,158.33
T205835,Punjab Kings Vs KKR,KKR,2,RahmanullahGurbaz,out,15,12,1,1,125.00
T205835,Punjab Kings Vs KKR,KKR,3,NitishRana,out,51,38,6,1,134.21
T205835,Punjab Kings Vs KKR,KKR,4,VenkateshIyer,out,11,13,0,0,84.61
T205835,Punjab Kings Vs KKR,KKR,5,AndreRussell,out,42,23,3,3,182.60
T205835,Punjab Kings Vs KKR,KKR,6,RinkuSingh,not_out,21,10,2,1,210.00
T205835,Punjab Kings Vs KKR,KKR,7,ShardulThakur,not_out,0,0,0,0,-
T207753,RCB Vs Mumbai,RCB,1,ViratKohli,out,1,4,0,0,25.00
T207753,RCB Vs Mumbai,RCB,2,FafduPlessis,out,65,41,5,3,158.53
T207753,RCB Vs Mumbai,RCB,3,AnujRawat,out,6,4,1,0,150.00
T207753,RCB Vs Mumbai,RCB,4,GlennMaxwell,out,68,33,8,4,206.06
T207753,RCB Vs Mumbai,RCB,5,MahipalLomror,out,1,3,0,0,33.33
T207753,RCB Vs Mumbai,RCB,6,DineshKarthik,out,30,18,4,1,166.66
T207753,RCB Vs Mumbai,RCB,7,KedarJadhav,not_out,12,10,1,0,120.00
T207753,RCB Vs Mumbai,RCB,8,WaninduHasaranga,not_out,12,8,2,0,150.00
T207753,RCB Vs Mumbai,Mumbai,1,IshanKishan,out,42,21,4,4,200.00
T207753,RCB Vs Mumbai,Mumbai,2,RohitSharma,out,7,8,1,0,87.50
T207753,RCB Vs Mumbai,Mumbai,3,SuryakumarYadav,out,83,35,7,6,237.14
T207753,RCB Vs Mumbai,Mumbai,4,NehalWadhera,not_out,52,34,4,3,152.94
T207753,RCB Vs Mumbai,Mumbai,5,TimDavid,out,0,1,0,0,0.00
T207753,RCB Vs Mumbai,Mumbai,6,CameronGreen,not_out,2,2,0,0,100.00
T209716,Super Kings Vs Capitals,Super Kings,1,RuturajGaikwad,out,24,18,4,0,133.33
T209716,Super Kings Vs Capitals,Super Kings,2,DevonConway,out,10,13,1,0,76.92
T209716,Super Kings Vs Capitals,Super Kings,3,AjinkyaRahane,out,21,20,2,0,105.00
T209716,Super Kings Vs Capitals,Super Kings,4,MoeenAli,out,7,12,0,0,58.33
T209716,Super Kings Vs Capitals,Super Kings,5,ShivamDube,out,25,12,0,3,208.33
T209716,Super Kings Vs Capitals,Super Kings,6,AmbatiRayudu,out,23,17,1,1,135.29
T209716,Super Kings Vs Capitals,Super Kings,7,RavindraJadeja,out,21,16,1,1,131.25
T209716,Super Kings Vs Capitals,Super Kings,8,MSDhoni,out,20,9,1,2,222.22
T209716,Super Kings Vs Capitals,Super Kings,9,DeepakChahar,not_out,1,2,0,0,50.00
T209716,Super Kings Vs Capitals,Super Kings,10,TusharDeshpande,not_out,0,1,0,0,0.00
T209716,Super Kings Vs Capitals,Capitals,1,DavidWarner,out,0,2,0,0,0.00
T209716,Super Kings Vs Capitals,Capitals,2,PhilSalt,out,17,11,1,2,154.54
T209716,Super Kings Vs Capitals,Capitals,3,MitchellMarsh,out,5,4,1,0,125.00
T209716,Super Kings Vs Capitals,Capitals,4,ManishPandey,out,27,29,1,2,93.10
T209716,Super Kings Vs Capitals,Capitals,5,RileeRossouw,out,35,37,2,1,94.59
T209716,Super Kings Vs Capitals,Capitals,6,RipalPatel,out,10,16,0,0,62.50
T209716,Super Kings Vs Capitals,Capitals,7,AxarPatel,out,21,12,2,1,175.00
T209716,Super Kings Vs Capitals,Capitals,8,AmanHakimKhan,not_out,2,3,0,0,66.66
T209716,Super Kings Vs Capitals,Capitals,9,LalitYadav,out,12,5,3,0,240.00
T209716,Super Kings Vs Capitals,Capitals,10,KuldeepYadav,not_out,0,1,0,0,0.00
T209254,KKR Vs Royals,KKR,1,JasonRoy,out,10,8,2,0,125.00
T209254,KKR Vs Royals,KKR,2,RahmanullahGurbaz,out,18,12,1,2,150.00
T209254,KKR Vs Royals,KKR,3,VenkateshIyer,out,57,42,2,4,135.71
T209254,KKR Vs Royals,KKR,4,NitishRana,out,22,17,2,0,129.41
T209254,KKR Vs Royals,KKR,5,AndreRussell,out,10,10,0,1,100.00
T209254,KKR Vs Royals,KKR,6,RinkuSingh,out,16,18,0,1,88.88
T209254,KKR Vs Royals,KKR,7,ShardulThakur,out,1,2,0,0,50.00
T209254,KKR Vs Royals,KKR,8,AnukulRoy,not_out,6,6,0,0,100.00
T209254,KKR Vs Royals,KKR,9,SunilNarine,out,6,5,1,0,120.00
T209254,KKR Vs Royals,Royals,1,YashasviJaiswal,not_out,98,47,12,5,208.51
T209254,KKR Vs Royals,Royals,2,JosButtler,out,0,3,0,0,0.00
T209254,KKR Vs Royals,Royals,3,SanjuSamson,not_out,48,29,2,5,165.51
T209868,Mumbai Vs Titans,Mumbai,1,IshanKishan,out,31,20,4,1,155.00
T209868,Mumbai Vs Titans,Mumbai,2,RohitSharma,out,29,18,3,2,161.11
T209868,Mumbai Vs Titans,Mumbai,3,SuryakumarYadav,not_out,103,49,11,6,210.20
T209868,Mumbai Vs Titans,Mumbai,4,NehalWadhera,out,15,7,1,1,214.28
T209868,Mumbai Vs Titans,Mumbai,5,VishnuVinod,out,30,20,2,2,150.00
T209868,Mumbai Vs Titans,Mumbai,6,TimDavid,out,5,3,1,0,166.66
T209868,Mumbai Vs Titans,Mumbai,7,CameronGreen,not_out,3,3,0,0,100.00
T209868,Mumbai Vs Titans,Titans,1,WriddhimanSaha,out,2,5,0,0,40.00
T209868,Mumbai Vs Titans,Titans,2,ShubmanGill,out,6,9,0,0,66.66
T209868,Mumbai Vs Titans,Titans,3,HardikPandya,out,4,3,1,0,133.33
T209868,Mumbai Vs Titans,Titans,4,VijayShankar,out,29,14,6,0,207.14
T209868,Mumbai Vs Titans,Titans,5,DavidMiller,out,41,26,4,2,157.69
T209868,Mumbai Vs Titans,Titans,6,AbhinavManohar,out,2,3,0,0,66.66
T209868,Mumbai Vs Titans,Titans,7,RahulTewatia,out,14,13,1,0,107.69
T209868,Mumbai Vs Titans,Titans,8,RashidKhan,not_out,79,32,3,10,246.87
T209868,Mumbai Vs Titans,Titans,9,NoorAhmad,out,1,3,0,0,33.33
T209868,Mumbai Vs Titans,Titans,10,AlzarriJoseph,not_out,7,12,1,0,58.33
T204056,Sunrisers Vs Super Giants,Sunrisers,1,AnmolpreetSingh,out,36,27,7,0,133.33
T204056,Sunrisers Vs Super Giants,Sunrisers,2,AbhishekSharma,out,7,5,1,0,140.00
T204056,Sunrisers Vs Super Giants,Sunrisers,3,RahulTripathi,out,20,13,4,0,153.84
T204056,Sunrisers Vs Super Giants,Sunrisers,4,AidenMarkram,out,28,20,2,1,140.00
T204056,Sunrisers Vs Super Giants,Sunrisers,5,HeinrichKlaasen,out,47,29,3,3,162.06
T204056,Sunrisers Vs Super Giants,Sunrisers,6,GlennPhillips,out,0,1,0,0,0.00
T204056,Sunrisers Vs Super Giants,Sunrisers,7,AbdulSamad,not_out,37,25,1,4,148.00
T204056,Sunrisers Vs Super Giants,Sunrisers,8,BhuvneshwarKumar,not_out,2,1,0,0,200.00
T204056,Sunrisers Vs Super Giants,Super Giants,1,KyleMayers,out,2,14,0,0,14.28
T204056,Sunrisers Vs Super Giants,Super Giants,2,QuintondeKock,out,29,19,3,1,152.63
T204056,Sunrisers Vs Super Giants,Super Giants,3,PrerakMankad,not_out,64,45,7,2,142.22
T204056,Sunrisers Vs Super Giants,Super Giants,4,MarcusStoinis,out,40,25,2,3,160.00
T204056,Sunrisers Vs Super Giants,Super Giants,5,NicholasPooran,not_out,44,13,3,4,338.46
T205679,Punjab Kings Vs Capitals,Punjab Kings,1,PrabhsimranSingh,out,103,65,10,6,158.46
T205679,Punjab Kings Vs Capitals,Punjab Kings,2,ShikharDhawan,out,7,5,0,1,140.00
T205679,Punjab Kings Vs Capitals,Punjab Kings,3,LiamLivingstone,out,4,5,1,0,80.00
T205679,Punjab Kings Vs Capitals,Punjab Kings,4,JiteshSharma,out,5,5,1,0,100.00
T205679,Punjab Kings Vs Capitals,Punjab Kings,5,SamCurran,out,20,24,1,0,83.33
T205679,Punjab Kings Vs Capitals,Punjab Kings,6,HarpreetBrar,out,2,5,0,0,40.00
T205679,Punjab Kings Vs Capitals,Punjab Kings,7,MShahrukhKhan,out,2,4,0,0,50.00
T205679,Punjab Kings Vs Capitals,Punjab Kings,8,SikandarRaza,not_out,11,7,0,1,157.14
T205679,Punjab Kings Vs Capitals,Punjab Kings,9,RishiDhawan,not_out,0,0,0,0,-
T205679,Punjab Kings Vs Capitals,Capitals,1,DavidWarner,out,54,27,10,1,200.00
T205679,Punjab Kings Vs Capitals,Capitals,2,PhilSalt,out,21,17,3,0,123.52
T205679,Punjab Kings Vs Capitals,Capitals,3,MitchellMarsh,out,3,4,0,0,75.00
T205679,Punjab Kings Vs Capitals,Capitals,4,RileeRossouw,out,5,5,1,0,100.00
T205679,Punjab Kings Vs Capitals,Capitals,5,AxarPatel,out,1,2,0,0,50.00
T205679,Punjab Kings Vs Capitals,Capitals,6,ManishPandey,out,0,3,0,0,0.00
T205679,Punjab Kings Vs Capitals,Capitals,7,AmanHakimKhan,out,16,18,1,1,88.88
T205679,Punjab Kings Vs Capitals,Capitals,8,PraveenDubey,out,16,20,2,0,80.00
T205679,Punjab Kings Vs Capitals,Capitals,9,KuldeepYadav,not_out,10,17,0,0,58.82
T205679,Punjab Kings Vs Capitals,Capitals,10,MukeshKumar,not_out,6,7,0,0,85.71
T204222,RCB Vs Royals,RCB,1,ViratKohli,out,18,19,1,0,94.73
T204222,RCB Vs Royals,RCB,2,FafduPlessis,out,55,44,3,2,125.00
T204222,RCB Vs Royals,RCB,3,GlennMaxwell,out,54,33,5,3,163.63
T204222,RCB Vs Royals,RCB,4,MahipalLomror,out,1,2,0,0,50.00
T204222,RCB Vs Royals,RCB,5,DineshKarthik,out,0,2,0,0,0.00
T204222,RCB Vs Royals,RCB,6,MichaelBracewell,not_out,9,9,0,0,100.00
T204222,RCB Vs Royals,RCB,7,AnujRawat,not_out,29,11,3,2,263.63
T204222,RCB Vs Royals,Royals,1,YashasviJaiswal,out,0,2,0,0,0.00
T204222,RCB Vs Royals,Royals,2,JosButtler,out,0,2,0,0,0.00
T204222,RCB Vs Royals,Royals,3,SanjuSamson,out,4,5,1,0,80.00
T204222,RCB Vs Royals,Royals,4,JoeRoot,out,10,15,1,0,66.66
T204222,RCB Vs Royals,Royals,5,DevduttPadikkal,out,4,4,1,0,100.00
T204222,RCB Vs Royals,Royals,6,ShimronHetmyer,out,35,19,1,4,184.21
T204222,RCB Vs Royals,Royals,7,DhruvJurel,out,1,7,0,0,14.28
T204222,RCB Vs Royals,Royals,8,RavichandranAshwin,out,0,0,0,0,-
T204222,RCB Vs Royals,Royals,9,AdamZampa,out,2,6,0,0,33.33
T204222,RCB Vs Royals,Royals,10,SandeepSharma,not_out,0,1,0,0,0.00
T204222,RCB Vs Royals,Royals,11,KMAsif,out,0,2,0,0,0.00
T201479,Super Kings Vs KKR,Super Kings,1,RuturajGaikwad,out,17,13,2,0,130.76
T201479,Super Kings Vs KKR,Super Kings,2,DevonConway,out,30,28,3,0,107.14
T201479,Super Kings Vs KKR,Super Kings,3,AjinkyaRahane,out,16,11,1,1,145.45
T201479,Super Kings Vs KKR,Super Kings,4,AmbatiRayudu,out,4,7,0,0,57.14
T201479,Super Kings Vs KKR,Super Kings,5,ShivamDube,not_out,48,34,1,3,141.17
T201479,Super Kings Vs KKR,Super Kings,6,MoeenAli,out,1,2,0,0,50.00
T201479,Super Kings Vs KKR,Super Kings,7,RavindraJadeja,out,20,24,0,1,83.33
T201479,Super Kings Vs KKR,Super Kings,8,MSDhoni,not_out,2,3,0,0,66.66
T201479,Super Kings Vs KKR,KKR,1,JasonRoy,out,12,15,1,0,80.00
T201479,Super Kings Vs KKR,KKR,2,RahmanullahGurbaz,out,1,4,0,0,25.00
T201479,Super Kings Vs KKR,KKR,3,VenkateshIyer,out,9,4,2,0,225.00
T201479,Super Kings Vs KKR,KKR,4,NitishRana,not_out,57,44,6,1,129.54
T201479,Super Kings Vs KKR,KKR,5,RinkuSingh,out,54,43,4,3,125.58
T201479,Super Kings Vs KKR,KKR,6,AndreRussell,not_out,2,2,0,0,100.00
T203760,Titans Vs Sunrisers,Titans,1,WriddhimanSaha,out,0,3,0,0,0.00
T203760,Titans Vs Sunrisers,Titans,2,ShubmanGill,out,101,58,13,1,174.13
T203760,Titans Vs Sunrisers,Titans,3,SaiSudharsan,out,47,36,6,1,130.55
T203760,Titans Vs Sunrisers,Titans,4,HardikPandya,out,8,6,1,0,133.33
T203760,Titans Vs Sunrisers,Titans,5,DavidMiller,out,7,5,1,0,140.00
T203760,Titans Vs Sunrisers,Titans,6,RahulTewatia,out,3,3,0,0,100.00
T203760,Titans Vs Sunrisers,Titans,7,DasunShanaka,not_out,9,7,1,0,128.57
T203760,Titans Vs Sunrisers,Titans,8,RashidKhan,out,0,1,0,0,0.00
T203760,Titans Vs Sunrisers,Titans,9,NoorAhmad,out,0,1,0,0,0.00
T203760,Titans Vs Sunrisers,Titans,10,MohammedShami,out,0,1,0,0,0.00
T203760,Titans Vs Sunrisers,Titans,11,MohitSharma,not_out,0,1,0,0,0.00
T203760,Titans Vs Sunrisers,Sunrisers,1,AnmolpreetSingh,out,5,4,1,0,125.00
T203760,Titans Vs Sunrisers,Sunrisers,2,AbhishekSharma,out,5,5,1,0,100.00
T203760,Titans Vs Sunrisers,Sunrisers,3,AidenMarkram,out,10,10,1,0,100.00
T203760,Titans Vs Sunrisers,Sunrisers,4,RahulTripathi,out,1,2,0,0,50.00
T203760,Titans Vs Sunrisers,Sunrisers,5,HeinrichKlaasen,out,64,44,4,3,145.45
T203760,Titans Vs Sunrisers,Sunrisers,6,SanvirSingh,out,7,6,0,1,116.66
T203760,Titans Vs Sunrisers,Sunrisers,7,AbdulSamad,out,4,3,1,0,133.33
T203760,Titans Vs Sunrisers,Sunrisers,8,MarcoJansen,out,3,6,0,0,50.00
T203760,Titans Vs Sunrisers,Sunrisers,9,BhuvneshwarKumar,out,27,26,3,0,103.84
T203760,Titans Vs Sunrisers,Sunrisers,10,MayankMarkande,not_out,18,9,2,1,200.00
T203760,Titans Vs Sunrisers,Sunrisers,11,FazalhaqFarooqi,not_out,1,5,0,0,20.00
T209829,Super Giants Vs Mumbai,Super Giants,1,DeepakHooda,out,5,7,0,0,71.42
T209829,Super Giants Vs Mumbai,Super Giants,2,QuintondeKock,out,16,15,0,2,106.66
T209829,Super Giants Vs Mumbai,Super Giants,3,PrerakMankad,out,0,1,0,0,0.00
T209829,Super Giants Vs Mumbai,Super Giants,4,KrunalPandya,out,49,42,1,1,116.66
T209829,Super Giants Vs Mumbai,Super Giants,5,MarcusStoinis,not_out,89,47,4,8,189.36
T209829,Super Giants Vs Mumbai,Super Giants,6,NicholasPooran,not_out,8,8,1,0,100.00
T209829,Super Giants Vs Mumbai,Mumbai,1,IshanKishan,out,59,39,8,1,151.28
T209829,Super Giants Vs Mumbai,Mumbai,2,RohitSharma,out,37,25,1,3,148.00
T209829,Super Giants Vs Mumbai,Mumbai,3,SuryakumarYadav,out,7,9,0,0,77.77
T209829,Super Giants Vs Mumbai,Mumbai,4,NehalWadhera,out,16,20,2,0,80.00
T209829,Super Giants Vs Mumbai,Mumbai,5,TimDavid,not_out,32,19,1,3,168.42
T209829,Super Giants Vs Mumbai,Mumbai,6,VishnuVinod,out,2,4,0,0,50.00
T209829,Super Giants Vs Mumbai,Mumbai,7,CameronGreen,not_out,4,6,0,0,66.66
T206208,Capitals Vs Punjab Kings,Capitals,1,DavidWarner,out,46,31,5,2,148.38
T206208,Capitals Vs Punjab Kings,Capitals,2,PrithviShaw,out,54,38,7,1,142.10
T206208,Capitals Vs Punjab Kings,Capitals,3,RileeRossouw,not_out,82,37,6,6,221.62
T206208,Capitals Vs Punjab Kings,Capitals,4,PhilSalt,not_out,26,14,2,2,185.71
T206208,Capitals Vs Punjab Kings,Punjab Kings,1,PrabhsimranSingh,out,22,19,4,0,115.78
T206208,Capitals Vs Punjab Kings,Punjab Kings,2,ShikharDhawan,out,0,1,0,0,0.00
T206208,Capitals Vs Punjab Kings,Punjab Kings,3,AtharvaTaide,out,55,42,5,2,130.95
T206208,Capitals Vs Punjab Kings,Punjab Kings,4,LiamLivingstone,out,94,48,5,9,195.83
T206208,Capitals Vs Punjab Kings,Punjab Kings,5,JiteshSharma,out,0,3,0,0,0.00
T206208,Capitals Vs Punjab Kings,Punjab Kings,6,MShahrukhKhan,out,6,3,0,1,200.00
T206208,Capitals Vs Punjab Kings,Punjab Kings,7,SamCurran,out,11,5,1,1,220.00
T206208,Capitals Vs Punjab Kings,Punjab Kings,8,HarpreetBrar,out,0,1,0,0,0.00
T206208,Capitals Vs Punjab Kings,Punjab Kings,9,RahulChahar,not_out,0,0,0,0,-
T209543,Sunrisers Vs RCB,Sunrisers,1,AbhishekSharma,out,11,14,2,0,78.57
T209543,Sunrisers Vs RCB,Sunrisers,2,RahulTripathi,out,15,12,2,1,125.00
T209543,Sunrisers Vs RCB,Sunrisers,3,AidenMarkram,out,18,20,0,0,90.00
T209543,Sunrisers Vs RCB,Sunrisers,4,HeinrichKlaasen,out,104,51,8,6,203.92
T209543,Sunrisers Vs RCB,Sunrisers,5,HarryBrook,not_out,27,19,2,1,142.10
T209543,Sunrisers Vs RCB,Sunrisers,6,GlennPhillips,out,5,4,1,0,125.00
T209543,Sunrisers Vs RCB,RCB,1,ViratKohli,out,100,63,12,4,158.73
T209543,Sunrisers Vs RCB,RCB,2,FafduPlessis,out,71,47,7,2,151.06
T209543,Sunrisers Vs RCB,RCB,3,GlennMaxwell,not_out,5,3,1,0,166.66
T209543,Sunrisers Vs RCB,RCB,4,MichaelBracewell,not_out,4,4,0,0,100.00
T202827,Punjab Kings Vs Royals,Punjab Kings,1,PrabhsimranSingh,out,2,2,0,0,100.00
T202827,Punjab Kings Vs Royals,Punjab Kings,2,ShikharDhawan,out,17,12,2,1,141.66
T202827,Punjab Kings Vs Royals,Punjab Kings,3,AtharvaTaide,out,19,12,3,1,158.33
T202827,Punjab Kings Vs Royals,Punjab Kings,4,LiamLivingstone,out,9,13,1,0,69.23
T202827,Punjab Kings Vs Royals,Punjab Kings,5,SamCurran,not_out,49,31,4,2,158.06
T202827,Punjab Kings Vs Royals,Punjab Kings,6,JiteshSharma,out,44,28,3,3,157.14
T202827,Punjab Kings Vs Royals,Punjab Kings,7,MShahrukhKhan,not_out,41,23,4,2,178.26
T202827,Punjab Kings Vs Royals,Royals,1,YashasviJaiswal,out,50,36,8,0,138.88
T202827,Punjab Kings Vs Royals,Royals,2,JosButtler,out,0,4,0,0,0.00
T202827,Punjab Kings Vs Royals,Royals,3,DevduttPadikkal,out,51,30,5,3,170.00
T202827,Punjab Kings Vs Royals,Royals,4,SanjuSamson,out,2,3,0,0,66.66
T202827,Punjab Kings Vs Royals,Royals,5,ShimronHetmyer,out,46,28,4,3,164.28
T202827,Punjab Kings Vs Royals,Royals,6,RiyanParag,out,20,12,1,2,166.66
T202827,Punjab Kings Vs Royals,Royals,7,DhruvJurel,not_out,10,4,0,1,250.00
T202827,Punjab Kings Vs Royals,Royals,8,TrentBoult,not_out,1,2,0,0,50.00
T203140,Super Kings Vs Capitals,Super Kings,1,RuturajGaikwad,out,79,50,3,7,158.00
T203140,Super Kings Vs Capitals,Super Kings,2,DevonConway,out,87,52,11,3,167.30
T203140,Super Kings Vs Capitals,Super Kings,3,ShivamDube,out,22,9,0,3,244.44
T203140,Super Kings Vs Capitals,Super Kings,4,MSDhoni,not_out,5,4,0,0,125.00
T203140,Super Kings Vs Capitals,Super Kings,5,RavindraJadeja,not_out,20,7,3,1,285.71
T203140,Super Kings Vs Capitals,Capitals,1,PrithviShaw,out,5,7,1,0,71.42
T203140,Super Kings Vs Capitals,Capitals,2,DavidWarner,out,86,58,7,5,148.27
T203140,Super Kings Vs Capitals,Capitals,3,PhilSalt,out,3,6,0,0,50.00
T203140,Super Kings Vs Capitals,Capitals,4,RileeRossouw,out,0,1,0,0,0.00
T203140,Super Kings Vs Capitals,Capitals,5,YashDhull,out,13,15,1,0,86.66
T203140,Super Kings Vs Capitals,Capitals,6,AxarPatel,out,15,8,1,1,187.50
T203140,Super Kings Vs Capitals,Capitals,7,AmanHakimKhan,out,7,9,1,0,77.77
T203140,Super Kings Vs Capitals,Capitals,8,LalitYadav,out,6,12,0,0,50.00
T203140,Super Kings Vs Capitals,Capitals,9,AnrichNortje,not_out,0,1,0,0,0.00
T203140,Super Kings Vs Capitals,Capitals,10,KuldeepYadav,out,0,1,0,0,0.00
T203140,Super Kings Vs Capitals,Capitals,11,ChetanSakariya,not_out,0,2,0,0,0.00
T203175,Super Giants Vs KKR,Super Giants,1,KaranSharma,out,3,5,0,0,60.00
T203175,Super Giants Vs KKR,Super Giants,2,QuintondeKock,out,28,27,0,2,103.70
T203175,Super Giants Vs KKR,Super Giants,3,PrerakMankad,out,26,20,5,0,130.00
T203175,Super Giants Vs KKR,Super Giants,4,MarcusStoinis,out,0,2,0,0,0.00
T203175,Super Giants Vs KKR,Super Giants,5,KrunalPandya,out,9,8,0,1,112.50
T203175,Super Giants Vs KKR,Super Giants,6,AyushBadoni,out,25,21,2,1,119.04
T203175,Super Giants Vs KKR,Super Giants,7,NicholasPooran,out,58,30,4,5,193.33
T203175,Super Giants Vs KKR,Super Giants,8,KrishnappaGowtham,not_out,11,4,1,1,275.00
T203175,Super Giants Vs KKR,Super Giants,9,RaviBishnoi,out,2,2,0,0,100.00
T203175,Super Giants Vs KKR,Super Giants,10,Naveen-ul-Haq,not_out,2,3,0,0,66.66
T203175,Super Giants Vs KKR,KKR,1,JasonRoy,out,45,28,7,1,160.71
T203175,Super Giants Vs KKR,KKR,2,VenkateshIyer,out,24,15,3,1,160.00
T203175,Super Giants Vs KKR,KKR,3,NitishRana,out,8,10,1,0,80.00
T203175,Super Giants Vs KKR,KKR,4,RahmanullahGurbaz,out,10,15,0,0,66.66
T203175,Super Giants Vs KKR,KKR,5,RinkuSingh,not_out,67,33,6,4,203.03
T203175,Super Giants Vs KKR,KKR,6,AndreRussell,out,7,9,0,1,77.77
T203175,Super Giants Vs KKR,KKR,7,ShardulThakur,out,3,7,0,0,42.85
T203175,Super Giants Vs KKR,KKR,8,SunilNarine,out,1,2,0,0,50.00
T203175,Super Giants Vs KKR,KKR,9,VaibhavArora,not_out,1,1,0,0,100.00
T201855,Sunrisers Vs Mumbai,Sunrisers,1,VivrantSharma,out,69,47,9,2,146.80
T201855,Sunrisers Vs Mumbai,Sunrisers,2,MayankAgarwal,out,83,46,8,4,180.43
T201855,Sunrisers Vs Mumbai,Sunrisers,3,HeinrichKlaasen,out,18,13,2,0,138.46
T201855,Sunrisers Vs Mumbai,Sunrisers,4,GlennPhillips,out,1,4,0,0,25.00
T201855,Sunrisers Vs Mumbai,Sunrisers,5,AidenMarkram,not_out,13,7,0,1,185.71
T201855,Sunrisers Vs Mumbai,Sunrisers,6,HarryBrook,out,0,1,0,0,0.00
T201855,Sunrisers Vs Mumbai,Sunrisers,7,SanvirSingh,not_out,4,3,1,0,133.33
T201855,Sunrisers Vs Mumbai,Mumbai,1,IshanKishan,out,14,12,1,1,116.66
T201855,Sunrisers Vs Mumbai,Mumbai,2,RohitSharma,out,56,37,8,1,151.35
T201855,Sunrisers Vs Mumbai,Mumbai,3,CameronGreen,not_out,100,47,8,8,212.76
T201855,Sunrisers Vs Mumbai,Mumbai,4,SuryakumarYadav,not_out,25,16,4,0,156.25
T205366,RCB Vs Titans,RCB,1,ViratKohli,not_out,101,61,13,1,165.57
T205366,RCB Vs Titans,RCB,2,FafduPlessis,out,28,19,5,0,147.36
T205366,RCB Vs Titans,RCB,3,GlennMaxwell,out,11,5,1,1,220.00
T205366,RCB Vs Titans,RCB,4,MahipalLomror,out,1,3,0,0,33.33
T205366,RCB Vs Titans,RCB,5,MichaelBracewell,out,26,16,5,0,162.50
T205366,RCB Vs Titans,RCB,6,DineshKarthik,out,0,1,0,0,0.00
T205366,RCB Vs Titans,RCB,7,AnujRawat,not_out,23,15,1,1,153.33
T205366,RCB Vs Titans,Titans,1,WriddhimanSaha,out,12,14,2,0,85.71
T205366,RCB Vs Titans,Titans,2,ShubmanGill,not_out,104,52,5,8,200.00
T205366,RCB Vs Titans,Titans,3,VijayShankar,out,53,35,7,2,151.42
T205366,RCB Vs Titans,Titans,4,DasunShanaka,out,0,3,0,0,0.00
T205366,RCB Vs Titans,Titans,5,DavidMiller,out,6,7,1,0,85.71
T205366,RCB Vs Titans,Titans,6,RahulTewatia,not_out,4,5,0,0,80.00
T203271,Super Kings Vs Titans,Super Kings,1,RuturajGaikwad,out,60,44,7,1,136.36
T203271,Super Kings Vs Titans,Super Kings,2,DevonConway,out,40,34,4,0,117.64
T203271,Super Kings Vs Titans,Super Kings,3,ShivamDube,out,1,3,0,0,33.33
T203271,Super Kings Vs Titans,Super Kings,4,AjinkyaRahane,out,17,10,0,1,170.00
T203271,Super Kings Vs Titans,Super Kings,5,AmbatiRayudu,out,17,9,1,1,188.88
T203271,Super Kings Vs Titans,Super Kings,6,RavindraJadeja,out,22,16,2,0,137.50
T203271,Super Kings Vs Titans,Super Kings,7,MSDhoni,out,1,2,0,0,50.00
T203271,Super Kings Vs Titans,Super Kings,8,MoeenAli,not_out,9,4,0,1,225.00
T203271,Super Kings Vs Titans,Titans,1,WriddhimanSaha,out,12,11,2,0,109.09
T203271,Super Kings Vs Titans,Titans,2,ShubmanGill,out,42,38,4,1,110.52
T203271,Super Kings Vs Titans,Titans,3,HardikPandya,out,8,7,1,0,114.28
T203271,Super Kings Vs Titans,Titans,4,DasunShanaka,out,17,16,1,1,106.25
T203271,Super Kings Vs Titans,Titans,5,DavidMiller,out,4,6,0,0,66.66
T203271,Super Kings Vs Titans,Titans,6,VijayShankar,out,14,10,0,1,140.00
T203271,Super Kings Vs Titans,Titans,7,RahulTewatia,out,3,5,0,0,60.00
T203271,Super Kings Vs Titans,Titans,8,RashidKhan,out,30,16,3,2,187.50
T203271,Super Kings Vs Titans,Titans,9,DarshanNalkande,out,0,1,0,0,0.00
T203271,Super Kings Vs Titans,Titans,10,NoorAhmad,not_out,7,5,1,0,140.00
T203271,Super Kings Vs Titans,Titans,11,MohammedShami,out,5,5,1,0,100.00
T207210,Mumbai Vs Super Giants,Mumbai,1,IshanKishan,out,15,12,3,0,125.00
T207210,Mumbai Vs Super Giants,Mumbai,2,RohitSharma,out,11,10,1,1,110.00
T207210,Mumbai Vs Super Giants,Mumbai,3,CameronGreen,out,41,23,6,1,178.26
T207210,Mumbai Vs Super Giants,Mumbai,4,SuryakumarYadav,out,33,20,2,2,165.00
T207210,Mumbai Vs Super Giants,Mumbai,5,TilakVarma,out,26,22,0,2,118.18
T207210,Mumbai Vs Super Giants,Mumbai,6,TimDavid,out,13,13,1,0,100.00
T207210,Mumbai Vs Super Giants,Mumbai,7,NehalWadhera,out,23,12,2,2,191.66
T207210,Mumbai Vs Super Giants,Mumbai,8,ChrisJordan,out,4,7,0,0,57.14
T207210,Mumbai Vs Super Giants,Mumbai,9,HrithikShokeen,not_out,0,1,0,0,0.00
T207210,Mumbai Vs Super Giants,Super Giants,1,KyleMayers,out,18,13,3,0,138.46
T207210,Mumbai Vs Super Giants,Super Giants,2,PrerakMankad,out,3,6,0,0,50.00
T207210,Mumbai Vs Super Giants,Super Giants,3,KrunalPandya,out,8,11,1,0,72.72
T207210,Mumbai Vs Super Giants,Super Giants,4,MarcusStoinis,out,40,27,5,1,148.14
T207210,Mumbai Vs Super Giants,Super Giants,5,AyushBadoni,out,1,7,0,0,14.28
T207210,Mumbai Vs Super Giants,Super Giants,6,NicholasPooran,out,0,1,0,0,0.00
T207210,Mumbai Vs Super Giants,Super Giants,7,DeepakHooda,out,15,13,0,1,115.38
T207210,Mumbai Vs Super Giants,Super Giants,8,KrishnappaGowtham,out,2,3,0,0,66.66
T207210,Mumbai Vs Super Giants,Super Giants,9,RaviBishnoi,out,3,6,0,0,50.00
T207210,Mumbai Vs Super Giants,Super Giants,10,Naveen-ul-Haq,not_out,1,5,0,0,20.00
T207210,Mumbai Vs Super Giants,Super Giants,11,MohsinKhan,out,0,7,0,0,0.00
T201090,Titans Vs Mumbai,Titans,1,WriddhimanSaha,out,18,16,3,0,112.50
T201090,Titans Vs Mumbai,Titans,2,ShubmanGill,out,129,60,7,10,215.00
T201090,Titans Vs Mumbai,Titans,3,SaiSudharsan,out,43,31,5,1,138.70
T201090,Titans Vs Mumbai,Titans,4,HardikPandya,not_out,28,13,2,2,215.38
T201090,Titans Vs Mumbai,Titans,5,RashidKhan,not_out,5,2,1,0,250.00
T201090,Titans Vs Mumbai,Mumbai,1,RohitSharma,out,8,7,1,0,114.28
T201090,Titans Vs Mumbai,Mumbai,2,NehalWadhera,out,4,3,1,0,133.33
T201090,Titans Vs Mumbai,Mumbai,3,CameronGreen,out,30,20,2,2,150.00
T201090,Titans Vs Mumbai,Mumbai,4,SuryakumarYadav,out,61,38,7,2,160.52
T201090,Titans Vs Mumbai,Mumbai,5,TilakVarma,out,43,14,5,3,307.14
T201090,Titans Vs Mumbai,Mumbai,6,VishnuVinod,out,5,7,0,0,71.42
T201090,Titans Vs Mumbai,Mumbai,7,TimDavid,out,2,3,0,0,66.66
T201090,Titans Vs Mumbai,Mumbai,8,ChrisJordan,out,2,5,0,0,40.00
T201090,Titans Vs Mumbai,Mumbai,9,PiyushChawla,out,0,2,0,0,0.00
T201090,Titans Vs Mumbai,Mumbai,10,KumarKartikeya,out,6,7,1,0,85.71
T201090,Titans Vs Mumbai,Mumbai,11,JasonBehrendorff,not_out,3,5,0,0,60.00
T202039,Titans Vs Super Kings,Titans,1,WriddhimanSaha,out,54,39,5,1,138.46
T202039,Titans Vs Super Kings,Titans,2,ShubmanGill,out,39,20,7,0,195.00
T202039,Titans Vs Super Kings,Titans,3,SaiSudharsan,out,96,47,8,6,204.25
T202039,Titans Vs Super Kings,Titans,4,HardikPandya,not_out,21,12,0,2,175.00
T202039,Titans Vs Super Kings,Titans,5,RashidKhan,out,0,2,0,0,0.00
T202039,Titans Vs Super Kings,Super Kings,1,RuturajGaikwad,out,26,16,3,1,162.50
T202039,Titans Vs Super Kings,Super Kings,2,DevonConway,out,47,25,4,2,188.00
T202039,Titans Vs Super Kings,Super Kings,3,ShivamDube,not_out,32,21,0,2,152.38
T202039,Titans Vs Super Kings,Super Kings,4,AjinkyaRahane,out,27,13,2,2,207.69
T202039,Titans Vs Super Kings,Super Kings,5,AmbatiRayudu,out,19,8,1,2,237.50
T202039,Titans Vs Super Kings,Super Kings,6,MSDhoni,out,0,1,0,0,0.00
T202039,Titans Vs Super Kings,Super Kings,7,RavindraJadeja,not_out,15,6,1,1,250.00
