match_id,match,bowlingTeam,bowlerName,overs,maiden,runs,wickets,economy,0s,4s,6s,wides,noBalls
T205274,Super Kings Vs Titans,Titans,MohammedShami,4.0,0,29,2,7.25,13,2,2,0,1
T205274,Super Kings Vs Titans,Titans,HardikPandya,3.0,0,28,0,9.33,6,2,2,0,0
T205274,Super Kings Vs Titans,Titans,JoshLittle,4.0,0,41,1,10.25,10,4,3,0,0
T205274,Super Kings Vs Titans,Titans,RashidKhan,4.0,0,26,2,6.5,10,2,1,0,0
T205274,Super Kings Vs Titans,Titans,AlzarriJoseph,4.0,0,33,2,8.25,8,0,3,0,0
T205274,Super Kings Vs Titans,Titans,YashDayal,1.0,0,14,0,14.0,2,0,2,0,0
T205274,Super Kings Vs Titans,Super Kings,DeepakChahar,4.0,0,29,0,7.25,9,1,2,0,0
T205274,Super Kings Vs Titans,Super Kings,TusharDeshpande,3.2,0,51,1,15.3,5,4,4,1,1
T205274,Super Kings Vs Titans,Super Kings,RajvardhanHangargekar,4.0,0,36,3,9.0,10,4,1,3,1
T205274,Super Kings Vs Titans,Super Kings,MitchellSantner,4.0,0,32,0,8.0,7,5,0,0,0
T205274,Super Kings Vs Titans,Super Kings,RavindraJadeja,4.0,0,28,1,7.0,9,1,1,0,0
T207733,Punjab Kings Vs KKR,KKR,UmeshYadav,4.0,0,27,1,6.75,11,2,1,0,0
T207733,Punjab Kings Vs KKR,KKR,TimSouthee,4.0,0,54,2,13.5,7,6,3,0,0
T207733,Punjab Kings Vs KKR,KKR,SunilNarine,4.0,0,40,1,10.0,8,3,2,1,0
T207733,Punjab Kings Vs KKR,KKR,VarunChakravarthy,4.0,0,26,1,6.5,10,2,1,1,0
T207733,Punjab Kings Vs KKR,KKR,ShardulThakur,4.0,0,43,0,10.75,7,4,2,0,1
T207733,Punjab Kings Vs KKR,Punjab Kings,SamCurran,3.0,0,38,1,12.66,4,3,3,0,0
T207733,Punjab Kings Vs KKR,Punjab Kings,ArshdeepSingh,3.0,0,19,3,6.33,10,2,1,0,0
T207733,Punjab Kings Vs KKR,Punjab Kings,NathanEllis,3.0,0,27,1,9.0,8,2,1,0,2
T207733,Punjab Kings Vs KKR,Punjab Kings,SikandarRaza,3.0,0,25,1,8.33,5,3,0,1,0
T207733,Punjab Kings Vs KKR,Punjab Kings,RishiDhawan,1.0,0,15,0,15.0,2,2,1,0,0
T207733,Punjab Kings Vs KKR,Punjab Kings,RahulChahar,2.0,0,12,1,6.0,5,0,1,0,0
T207733,Punjab Kings Vs KKR,Punjab Kings,HarpreetBrar,1.0,0,7,0,7.0,3,1,0,0,0
T203391,Super Giants Vs Capitals,Capitals,KhaleelAhmed,4.0,0,30,2,7.5,15,3,2,1,0
T203391,Super Giants Vs Capitals,Capitals,MukeshKumar,4.0,0,34,0,8.5,5,0,2,1,0
T203391,Super Giants Vs Capitals,Capitals,ChetanSakariya,4.0,0,53,2,13.25,8,1,6,3,0
T203391,Super Giants Vs Capitals,Capitals,AxarPatel,4.0,0,38,1,9.5,8,1,3,0,0
T203391,Super Giants Vs Capitals,Capitals,KuldeepYadav,4.0,0,35,1,8.75,7,0,3,0,0
T203391,Super Giants Vs Capitals,Super Giants,KyleMayers,1.0,0,7,0,7.0,3,1,0,1,0
T203391,Super Giants Vs Capitals,Super Giants,JaydevUnadkat,3.0,0,39,0,13.0,3,5,0,2,0
T203391,Super Giants Vs Capitals,Super Giants,KrishnappaGowtham,4.0,0,23,0,5.75,9,2,0,1,0
T203391,Super Giants Vs Capitals,Super Giants,AveshKhan,4.0,0,29,2,7.25,12,3,1,0,0
T203391,Super Giants Vs Capitals,Super Giants,MarkWood,4.0,0,14,5,3.5,17,1,0,1,1
T203391,Super Giants Vs Capitals,Super Giants,RaviBishnoi,4.0,0,31,2,7.75,8,3,1,0,0
T204662,Royals Vs Sunrisers,Sunrisers,BhuvneshwarKumar,3.0,0,36,0,12.0,6,4,2,1,0
T204662,Royals Vs Sunrisers,Sunrisers,FazalhaqFarooqi,4.0,0,41,2,10.25,11,7,0,0,0
T204662,Royals Vs Sunrisers,Sunrisers,WashingtonSundar,3.0,0,32,0,10.66,5,1,3,0,0
T204662,Royals Vs Sunrisers,Sunrisers,TNatarajan,3.0,0,23,2,7.66,7,4,0,0,0
T204662,Royals Vs Sunrisers,Sunrisers,AdilRashid,4.0,0,33,0,8.25,6,1,2,0,0
T204662,Royals Vs Sunrisers,Sunrisers,UmranMalik,3.0,0,32,1,10.66,4,4,1,1,0
T204662,Royals Vs Sunrisers,Royals,TrentBoult,4.0,1,21,2,5.25,15,2,1,0,0
T204662,Royals Vs Sunrisers,Royals,KMAsif,3.0,0,15,0,5.0,9,1,0,1,0
T204662,Royals Vs Sunrisers,Royals,JasonHolder,3.0,0,16,1,5.33,10,1,1,0,0
T204662,Royals Vs Sunrisers,Royals,RavichandranAshwin,4.0,0,27,1,6.75,10,1,1,2,0
T204662,Royals Vs Sunrisers,Royals,YuzvendraChahal,4.0,0,17,4,4.25,11,0,0,0,0
T204662,Royals Vs Sunrisers,Royals,NavdeepSaini,2.0,0,34,0,17.0,3,3,2,0,3
T204410,Mumbai Vs RCB,RCB,MohammedSiraj,4.0,0,21,1,5.25,16,2,0,6,0
T204410,Mumbai Vs RCB,RCB,ReeceTopley,2.0,0,14,1,7.0,7,3,0,0,0
T204410,Mumbai Vs RCB,RCB,AkashDeep,3.0,0,29,1,9.66,7,2,2,0,0
T204410,Mumbai Vs RCB,RCB,HarshalPatel,4.0,0,43,1,10.75,6,3,2,1,1
T204410,Mumbai Vs RCB,RCB,KarnSharma,4.0,0,32,2,8.0,7,1,2,1,0
T204410,Mumbai Vs RCB,RCB,MichaelBracewell,2.0,0,16,1,8.0,6,3,0,0,0
T204410,Mumbai Vs RCB,RCB,GlennMaxwell,1.0,0,16,0,16.0,0,1,1,1,0
T204410,Mumbai Vs RCB,Mumbai,JasonBehrendorff,3.0,0,37,0,12.33,6,3,3,0,0
T204410,Mumbai Vs RCB,Mumbai,ArshadKhan,2.2,0,28,1,12.0,7,2,2,4,0
T204410,Mumbai Vs RCB,Mumbai,JofraArcher,4.0,0,33,0,8.25,10,2,2,0,0
T204410,Mumbai Vs RCB,Mumbai,PiyushChawla,4.0,0,26,0,6.5,11,2,1,0,0
T204410,Mumbai Vs RCB,Mumbai,CameronGreen,2.0,0,30,1,15.0,4,2,3,0,0
T204410,Mumbai Vs RCB,Mumbai,HrithikShokeen,1.0,0,17,0,17.0,0,0,2,0,0
T207290,Super Kings Vs Super Giants,Super Giants,KyleMayers,2.0,0,16,0,8.0,1,1,0,1,0
T207290,Super Kings Vs Super Giants,Super Giants,AveshKhan,3.0,0,39,1,13.0,4,6,0,1,0
T207290,Super Kings Vs Super Giants,Super Giants,KrunalPandya,2.0,0,21,0,10.5,4,1,2,0,0
T207290,Super Kings Vs Super Giants,Super Giants,KrishnappaGowtham,1.0,0,20,0,20.0,2,0,3,0,0
T207290,Super Kings Vs Super Giants,Super Giants,MarkWood,4.0,0,49,3,12.25,9,3,5,0,0
T207290,Super Kings Vs Super Giants,Super Giants,YashThakur,4.0,0,36,0,9.0,4,3,1,0,1
T207290,Super Kings Vs Super Giants,Super Giants,RaviBishnoi,4.0,0,28,3,7.0,13,1,2,1,0
T207290,Super Kings Vs Super Giants,Super Kings,DeepakChahar,4.0,0,55,0,13.75,6,7,1,5,0
T207290,Super Kings Vs Super Giants,Super Kings,BenStokes,1.0,0,18,0,18.0,0,2,1,0,0
T207290,Super Kings Vs Super Giants,Super Kings,TusharDeshpande,4.0,0,45,2,11.25,7,2,2,4,3
T207290,Super Kings Vs Super Giants,Super Kings,MoeenAli,4.0,0,26,4,6.5,10,0,1,1,0
T207290,Super Kings Vs Super Giants,Super Kings,MitchellSantner,4.0,0,21,1,5.25,9,0,1,0,0
T207290,Super Kings Vs Super Giants,Super Kings,RajvardhanHangargekar,2.0,0,24,0,12.0,4,2,1,3,0
T207290,Super Kings Vs Super Giants,Super Kings,RavindraJadeja,1.0,0,14,0,14.0,2,0,2,0,0
T206559,Capitals Vs Titans,Titans,MohammedShami,4.0,0,41,3,10.25,15,5,1,4,0
T206559,Capitals Vs Titans,Titans,JoshLittle,4.0,0,27,0,6.75,11,2,1,0,0
T206559,Capitals Vs Titans,Titans,HardikPandya,3.0,0,18,0,6.0,6,2,0,0,0
T206559,Capitals Vs Titans,Titans,AlzarriJoseph,4.0,0,29,2,7.25,13,3,1,1,0
T206559,Capitals Vs Titans,Titans,YashDayal,1.0,0,12,0,12.0,0,0,1,0,0
T206559,Capitals Vs Titans,Titans,RashidKhan,4.0,0,31,3,7.75,9,2,2,0,0
T206559,Capitals Vs Titans,Capitals,KhaleelAhmed,4.0,0,38,1,9.5,9,5,1,1,0
T206559,Capitals Vs Titans,Capitals,MukeshKumar,4.0,0,42,0,10.5,8,5,2,1,0
T206559,Capitals Vs Titans,Capitals,AnrichNortje,4.0,0,39,2,9.75,9,3,2,0,2
T206559,Capitals Vs Titans,Capitals,MitchellMarsh,3.1,0,24,1,7.57,4,1,0,1,0
T206559,Capitals Vs Titans,Capitals,KuldeepYadav,3.0,0,18,0,6.0,5,1,0,1,0
T203806,Punjab Kings Vs Royals,Royals,TrentBoult,4.0,0,38,0,9.5,8,3,2,1,0
T203806,Punjab Kings Vs Royals,Royals,KMAsif,4.0,0,54,0,13.5,7,5,3,3,1
T203806,Punjab Kings Vs Royals,Royals,RavichandranAshwin,4.0,0,25,1,6.25,7,2,0,1,0
T203806,Punjab Kings Vs Royals,Royals,JasonHolder,4.0,0,29,2,7.25,7,2,1,0,0
T203806,Punjab Kings Vs Royals,Royals,YuzvendraChahal,4.0,0,50,1,12.5,5,7,1,1,0
T203806,Punjab Kings Vs Royals,Punjab Kings,SamCurran,4.0,0,44,0,11.0,7,3,3,0,0
T203806,Punjab Kings Vs Royals,Punjab Kings,ArshdeepSingh,4.0,0,47,2,11.75,10,4,3,3,0
T203806,Punjab Kings Vs Royals,Punjab Kings,HarpreetBrar,2.0,0,15,0,7.5,5,2,0,0,0
T203806,Punjab Kings Vs Royals,Punjab Kings,NathanEllis,4.0,0,30,4,7.5,11,2,2,0,0
T203806,Punjab Kings Vs Royals,Punjab Kings,RahulChahar,4.0,0,31,0,7.75,5,1,1,0,0
T203806,Punjab Kings Vs Royals,Punjab Kings,SikandarRaza,2.0,0,24,0,12.0,2,1,1,2,0
T204417,KKR Vs RCB,RCB,MohammedSiraj,4.0,0,44,1,11.0,13,6,1,3,1
T204417,KKR Vs RCB,RCB,DavidWilley,4.0,1,16,2,4.0,15,2,0,1,0
T204417,KKR Vs RCB,RCB,AkashDeep,2.0,0,30,0,15.0,4,2,2,1,2
T204417,KKR Vs RCB,RCB,MichaelBracewell,3.0,0,34,1,11.33,3,1,3,0,0
T204417,KKR Vs RCB,RCB,ShahbazAhmed,1.0,0,6,0,6.0,3,1,0,0,0
T204417,KKR Vs RCB,RCB,KarnSharma,3.0,0,26,2,8.66,6,2,1,0,0
T204417,KKR Vs RCB,RCB,HarshalPatel,3.0,0,38,1,12.66,5,4,2,1,0
T204417,KKR Vs RCB,KKR,UmeshYadav,2.0,0,17,0,8.5,5,3,0,0,0
T204417,KKR Vs RCB,KKR,TimSouthee,2.0,0,25,0,12.5,5,2,2,0,0
T204417,KKR Vs RCB,KKR,SunilNarine,4.0,0,16,2,4.0,12,1,0,0,0
T204417,KKR Vs RCB,KKR,VarunChakravarthy,3.4,0,15,4,4.09,13,2,0,0,0
T204417,KKR Vs RCB,KKR,SuyashSharma,4.0,0,30,3,7.5,11,2,2,1,0
T204417,KKR Vs RCB,KKR,ShardulThakur,2.0,0,15,1,7.5,4,2,0,0,0
T203547,Sunrisers Vs Super Giants,Super Giants,KyleMayers,1.0,0,5,0,5.0,1,0,0,0,0
T203547,Sunrisers Vs Super Giants,Super Giants,JaydevUnadkat,3.0,0,26,0,8.66,9,0,3,1,0
T203547,Sunrisers Vs Super Giants,Super Giants,KrunalPandya,4.0,0,18,3,4.5,15,3,0,0,0
T203547,Sunrisers Vs Super Giants,Super Giants,YashThakur,3.0,0,23,1,7.66,6,3,0,0,0
T203547,Sunrisers Vs Super Giants,Super Giants,RaviBishnoi,4.0,0,16,1,4.0,10,0,0,1,0
T203547,Sunrisers Vs Super Giants,Super Giants,DeepakHooda,1.0,0,8,0,8.0,1,1,0,0,0
T203547,Sunrisers Vs Super Giants,Super Giants,AmitMishra,4.0,0,23,2,5.75,10,3,0,0,0
T203547,Sunrisers Vs Super Giants,Sunrisers,BhuvneshwarKumar,2.0,0,19,1,9.5,7,1,1,1,0
T203547,Sunrisers Vs Super Giants,Sunrisers,WashingtonSundar,1.0,0,11,0,11.0,1,2,0,0,0
T203547,Sunrisers Vs Super Giants,Sunrisers,FazalhaqFarooqi,3.0,0,13,1,4.33,12,2,0,1,0
T203547,Sunrisers Vs Super Giants,Sunrisers,AidenMarkram,2.0,0,14,0,7.0,5,2,0,0,0
T203547,Sunrisers Vs Super Giants,Sunrisers,AdilRashid,3.0,0,23,2,7.66,8,2,1,0,0
T203547,Sunrisers Vs Super Giants,Sunrisers,TNatarajan,3.0,0,23,0,7.66,7,1,1,1,0
T203547,Sunrisers Vs Super Giants,Sunrisers,UmranMalik,2.0,0,22,1,11.0,7,3,0,2,0
T203342,Royals Vs Capitals,Capitals,KhaleelAhmed,2.0,0,31,0,15.5,3,6,0,2,0
T203342,Royals Vs Capitals,Capitals,AnrichNortje,4.0,0,44,0,11.0,10,6,2,0,0
T203342,Royals Vs Capitals,Capitals,MukeshKumar,4.0,0,36,2,9.0,8,3,2,0,0
T203342,Royals Vs Capitals,Capitals,AxarPatel,4.0,0,38,0,9.5,6,5,1,0,0
T203342,Royals Vs Capitals,Capitals,KuldeepYadav,4.0,0,31,1,7.75,8,2,1,0,0
T203342,Royals Vs Capitals,Capitals,RovmanPowell,2.0,0,18,1,9.0,4,1,1,1,1
T203342,Royals Vs Capitals,Royals,TrentBoult,4.0,1,29,3,7.25,11,5,0,0,0
T203342,Royals Vs Capitals,Royals,SandeepSharma,4.0,0,20,1,5.0,11,2,0,1,0
T203342,Royals Vs Capitals,Royals,RavichandranAshwin,4.0,0,25,2,6.25,10,2,0,3,0
T203342,Royals Vs Capitals,Royals,JasonHolder,3.0,0,28,0,9.33,4,4,0,1,0
T203342,Royals Vs Capitals,Royals,YuzvendraChahal,4.0,0,27,3,6.75,8,2,0,2,0
T203342,Royals Vs Capitals,Royals,MuruganAshwin,1.0,0,11,0,11.0,0,0,0,0,1
T208306,Mumbai Vs Super Kings,Super Kings,DeepakChahar,1.0,0,10,0,10.0,2,2,0,0,0
T208306,Mumbai Vs Super Kings,Super Kings,TusharDeshpande,3.0,0,31,2,10.33,9,2,3,1,0
T208306,Mumbai Vs Super Kings,Super Kings,SisandaMagala,4.0,0,37,1,9.25,4,5,0,0,0
T208306,Mumbai Vs Super Kings,Super Kings,MitchellSantner,4.0,0,28,2,7.0,6,3,0,0,0
T208306,Mumbai Vs Super Kings,Super Kings,RavindraJadeja,4.0,0,20,3,5.0,9,0,1,0,0
T208306,Mumbai Vs Super Kings,Super Kings,DwainePretorius,4.0,0,28,0,7.0,9,3,0,4,0
T208306,Mumbai Vs Super Kings,Mumbai,JasonBehrendorff,3.0,0,24,1,8.0,9,2,1,1,0
T208306,Mumbai Vs Super Kings,Mumbai,ArshadKhan,2.1,0,35,0,16.15,2,5,1,3,0
T208306,Mumbai Vs Super Kings,Mumbai,CameronGreen,3.0,0,20,0,6.66,6,0,1,1,0
T208306,Mumbai Vs Super Kings,Mumbai,PiyushChawla,4.0,0,33,1,8.25,8,5,0,0,0
T208306,Mumbai Vs Super Kings,Mumbai,KumarKartikeya,4.0,0,24,1,6.0,6,0,1,0,0
T208306,Mumbai Vs Super Kings,Mumbai,HrithikShokeen,2.0,0,19,0,9.5,4,2,1,0,0
T203927,Titans Vs KKR,KKR,UmeshYadav,3.0,0,24,0,8.0,7,4,0,1,0
T203927,Titans Vs KKR,KKR,ShardulThakur,3.0,0,40,0,13.33,4,3,3,1,0
T203927,Titans Vs KKR,KKR,LockieFerguson,4.0,0,40,0,10.0,8,3,2,1,1
T203927,Titans Vs KKR,KKR,SunilNarine,4.0,0,33,3,8.25,8,3,1,1,0
T203927,Titans Vs KKR,KKR,VarunChakravarthy,2.0,0,27,0,13.5,1,2,1,1,0
T203927,Titans Vs KKR,KKR,SuyashSharma,4.0,0,35,1,8.75,6,3,0,1,0
T203927,Titans Vs KKR,Titans,MohammedShami,4.0,0,28,1,7.0,10,2,1,0,0
T203927,Titans Vs KKR,Titans,JoshLittle,4.0,0,45,1,11.25,9,4,3,3,0
T203927,Titans Vs KKR,Titans,AlzarriJoseph,4.0,0,27,2,6.75,14,2,2,0,0
T203927,Titans Vs KKR,Titans,YashDayal,4.0,0,69,0,17.25,4,3,8,0,0
T203927,Titans Vs KKR,Titans,RashidKhan,4.0,0,37,3,9.25,6,4,1,0,0
T208249,Punjab Kings Vs Sunrisers,Sunrisers,BhuvneshwarKumar,4.0,0,33,1,8.25,13,6,0,3,0
T208249,Punjab Kings Vs Sunrisers,Sunrisers,MarcoJansen,3.0,1,16,2,5.33,14,2,1,1,0
T208249,Punjab Kings Vs Sunrisers,Sunrisers,TNatarajan,4.0,0,40,0,10.0,10,3,3,0,0
T208249,Punjab Kings Vs Sunrisers,Sunrisers,WashingtonSundar,1.0,0,6,0,6.0,3,1,0,0,0
T208249,Punjab Kings Vs Sunrisers,Sunrisers,MayankMarkande,4.0,0,15,4,3.75,15,2,0,0,0
T208249,Punjab Kings Vs Sunrisers,Sunrisers,UmranMalik,4.0,0,32,2,8.0,14,3,2,1,0
T208249,Punjab Kings Vs Sunrisers,Punjab Kings,SamCurran,3.0,0,14,0,4.66,8,1,0,0,0
T208249,Punjab Kings Vs Sunrisers,Punjab Kings,ArshdeepSingh,3.0,0,20,1,6.66,10,4,0,0,0
T208249,Punjab Kings Vs Sunrisers,Punjab Kings,HarpreetBrar,3.1,0,26,0,8.21,8,5,0,0,0
T208249,Punjab Kings Vs Sunrisers,Punjab Kings,NathanEllis,3.0,0,28,0,9.33,5,5,0,0,0
T208249,Punjab Kings Vs Sunrisers,Punjab Kings,RahulChahar,3.0,0,28,1,9.33,8,4,1,0,0
T208249,Punjab Kings Vs Sunrisers,Punjab Kings,MohitRathee,2.0,0,29,0,14.5,3,3,2,0,0
T203357,RCB Vs Super Giants,Super Giants,JaydevUnadkat,2.0,0,27,0,13.5,3,2,2,1,0
T203357,RCB Vs Super Giants,Super Giants,AveshKhan,4.0,0,53,0,13.25,8,5,4,0,0
T203357,RCB Vs Super Giants,Super Giants,KrunalPandya,4.0,0,35,0,8.75,5,2,2,0,0
T203357,RCB Vs Super Giants,Super Giants,MarkWood,4.0,1,32,1,8.0,12,1,3,2,0
T203357,RCB Vs Super Giants,Super Giants,RaviBishnoi,4.0,0,39,0,9.75,5,1,3,1,0
T203357,RCB Vs Super Giants,Super Giants,AmitMishra,2.0,0,18,1,9.0,2,1,1,0,0
T203357,RCB Vs Super Giants,RCB,MohammedSiraj,4.0,0,22,3,5.5,16,3,0,4,0
T203357,RCB Vs Super Giants,RCB,DavidWilley,4.0,0,32,0,8.0,6,2,1,1,0
T203357,RCB Vs Super Giants,RCB,WayneParnell,4.0,0,41,3,10.25,6,5,1,3,0
T203357,RCB Vs Super Giants,RCB,HarshalPatel,4.0,0,48,2,12.0,5,4,3,0,0
T203357,RCB Vs Super Giants,RCB,KarnSharma,3.0,0,48,1,16.0,5,3,5,1,0
T203357,RCB Vs Super Giants,RCB,ShahbazAhmed,1.0,0,15,0,15.0,1,0,2,0,0
T202058,Capitals Vs Mumbai,Mumbai,JasonBehrendorff,3.0,0,23,3,7.66,8,1,2,0,0
T202058,Capitals Vs Mumbai,Mumbai,ArshadKhan,1.0,0,12,0,12.0,1,2,0,1,0
T202058,Capitals Vs Mumbai,Mumbai,CameronGreen,3.0,0,30,0,10.0,4,5,0,1,0
T202058,Capitals Vs Mumbai,Mumbai,HrithikShokeen,4.0,0,43,1,10.75,10,4,2,1,1
T202058,Capitals Vs Mumbai,Mumbai,RileyMeredith,3.4,0,34,2,9.27,10,5,1,0,1
T202058,Capitals Vs Mumbai,Mumbai,PiyushChawla,4.0,0,22,3,5.5,9,2,0,0,0
T202058,Capitals Vs Mumbai,Mumbai,TilakVarma,1.0,0,7,0,7.0,3,1,0,1,0
T202058,Capitals Vs Mumbai,Capitals,MukeshKumar,2.0,0,30,2,15.0,6,3,3,0,0
T202058,Capitals Vs Mumbai,Capitals,MustafizurRahman,4.0,0,38,1,9.5,11,5,2,0,0
T202058,Capitals Vs Mumbai,Capitals,AnrichNortje,4.0,0,35,0,8.75,8,2,2,0,0
T202058,Capitals Vs Mumbai,Capitals,LalitYadav,4.0,0,23,0,5.75,10,1,1,1,0
T202058,Capitals Vs Mumbai,Capitals,AxarPatel,4.0,0,20,0,5.0,12,2,0,1,0
T202058,Capitals Vs Mumbai,Capitals,KuldeepYadav,2.0,0,23,0,11.5,2,1,2,0,0
T203450,Royals Vs Super Kings,Super Kings,AkashSingh,4.0,0,40,2,10.0,7,2,3,1,0
T203450,Royals Vs Super Kings,Super Kings,TusharDeshpande,4.0,0,37,2,9.25,7,4,1,1,0
T203450,Royals Vs Super Kings,Super Kings,MaheeshTheekshana,4.0,0,42,0,10.5,4,5,1,0,0
T203450,Royals Vs Super Kings,Super Kings,RavindraJadeja,4.0,0,21,2,5.25,11,0,0,3,0
T203450,Royals Vs Super Kings,Super Kings,MoeenAli,2.0,0,21,1,10.5,3,0,2,0,0
T203450,Royals Vs Super Kings,Super Kings,SisandaMagala,2.0,0,14,0,7.0,2,0,0,1,0
T203450,Royals Vs Super Kings,Royals,SandeepSharma,3.0,0,30,1,10.0,6,1,2,2,0
T203450,Royals Vs Super Kings,Royals,KuldeepSen,2.0,0,8,0,4.0,4,0,0,0,0
T203450,Royals Vs Super Kings,Royals,JasonHolder,3.0,0,37,0,12.33,4,4,2,1,0
T203450,Royals Vs Super Kings,Royals,AdamZampa,4.0,0,43,1,10.75,5,4,1,1,0
T203450,Royals Vs Super Kings,Royals,RavichandranAshwin,4.0,0,25,2,6.25,10,1,1,2,0
T203450,Royals Vs Super Kings,Royals,YuzvendraChahal,4.0,0,27,2,6.75,8,2,0,1,0
T208318,Punjab Kings Vs Titans,Titans,MohammedShami,4.0,0,44,1,11.0,9,7,1,1,0
T208318,Punjab Kings Vs Titans,Titans,JoshLittle,4.0,0,31,1,7.75,11,3,1,3,0
T208318,Punjab Kings Vs Titans,Titans,AlzarriJoseph,4.0,0,32,1,8.0,11,1,2,5,0
T208318,Punjab Kings Vs Titans,Titans,RashidKhan,4.0,0,26,1,6.5,13,3,1,0,0
T208318,Punjab Kings Vs Titans,Titans,MohitSharma,4.0,0,18,2,4.5,12,2,0,0,0
T208318,Punjab Kings Vs Titans,Punjab Kings,ArshdeepSingh,4.0,0,33,1,8.25,8,5,0,0,0
T208318,Punjab Kings Vs Titans,Punjab Kings,KagisoRabada,4.0,0,36,1,9.0,11,5,1,0,0
T208318,Punjab Kings Vs Titans,Punjab Kings,HarpreetBrar,4.0,0,20,1,5.0,8,1,0,0,0
T208318,Punjab Kings Vs Titans,Punjab Kings,SamCurran,3.5,0,25,1,6.52,7,2,0,0,0
T208318,Punjab Kings Vs Titans,Punjab Kings,RahulChahar,3.0,0,24,0,8.0,4,3,0,0,0
T208318,Punjab Kings Vs Titans,Punjab Kings,MatthewShort,1.0,0,8,0,8.0,1,1,0,0,0
T202532,Sunrisers Vs KKR,KKR,UmeshYadav,3.0,0,42,0,14.0,3,3,3,1,0
T202532,Sunrisers Vs KKR,KKR,LockieFerguson,2.0,0,37,0,18.5,4,5,1,1,1
T202532,Sunrisers Vs KKR,KKR,SunilNarine,4.0,0,28,0,7.0,7,1,1,2,0
T202532,Sunrisers Vs KKR,KKR,AndreRussell,2.1,0,22,3,10.15,4,2,1,2,0
T202532,Sunrisers Vs KKR,KKR,VarunChakravarthy,4.0,0,41,1,10.25,4,3,2,1,0
T202532,Sunrisers Vs KKR,KKR,SuyashSharma,4.0,0,44,0,11.0,8,4,3,0,0
T202532,Sunrisers Vs KKR,KKR,ShardulThakur,0.5,0,14,0,16.8,0,3,0,0,0
T202532,Sunrisers Vs KKR,Sunrisers,BhuvneshwarKumar,4.0,1,29,1,7.25,10,4,0,1,0
T202532,Sunrisers Vs KKR,Sunrisers,MarcoJansen,4.0,0,37,2,9.25,12,1,3,4,2
T202532,Sunrisers Vs KKR,Sunrisers,TNatarajan,4.0,0,54,1,13.5,6,6,3,1,0
T202532,Sunrisers Vs KKR,Sunrisers,UmranMalik,2.0,0,36,1,18.0,3,4,3,0,0
T202532,Sunrisers Vs KKR,Sunrisers,MayankMarkande,4.0,0,27,2,6.75,10,2,1,0,0
T202532,Sunrisers Vs KKR,Sunrisers,WashingtonSundar,2.0,0,20,0,10.0,2,1,1,0,0
T207991,RCB Vs Capitals,Capitals,AnrichNortje,4.0,0,31,0,7.75,9,3,0,2,1
T207991,RCB Vs Capitals,Capitals,AxarPatel,3.0,0,25,1,8.33,9,0,3,0,0
T207991,RCB Vs Capitals,Capitals,MustafizurRahman,3.0,0,41,0,13.66,2,5,2,0,0
T207991,RCB Vs Capitals,Capitals,MitchellMarsh,2.0,0,18,2,9.0,5,2,1,0,0
T207991,RCB Vs Capitals,Capitals,LalitYadav,4.0,0,29,1,7.25,7,0,2,1,0
T207991,RCB Vs Capitals,Capitals,KuldeepYadav,4.0,1,23,2,5.75,10,3,0,0,0
T207991,RCB Vs Capitals,RCB,MohammedSiraj,4.0,0,23,2,5.75,14,4,0,0,0
T207991,RCB Vs Capitals,RCB,WayneParnell,4.0,0,28,1,7.0,10,3,1,0,0
T207991,RCB Vs Capitals,RCB,VijaykumarVyshak,4.0,0,20,3,5.0,11,2,0,0,0
T207991,RCB Vs Capitals,RCB,ShahbazAhmed,1.0,0,11,0,11.0,0,1,0,0,0
T207991,RCB Vs Capitals,RCB,WaninduHasaranga,3.0,0,37,1,12.33,4,5,1,0,0
T207991,RCB Vs Capitals,RCB,HarshalPatel,4.0,0,32,1,8.0,7,3,0,3,0
T204901,Super Giants Vs Punjab Kings,Punjab Kings,MatthewShort,2.0,0,10,0,5.0,7,0,1,0,0
T204901,Super Giants Vs Punjab Kings,Punjab Kings,ArshdeepSingh,3.0,0,22,1,7.33,7,3,0,1,0
T204901,Super Giants Vs Punjab Kings,Punjab Kings,KagisoRabada,4.0,0,34,2,8.5,11,2,2,2,0
T204901,Super Giants Vs Punjab Kings,Punjab Kings,SamCurran,4.0,0,31,3,7.75,9,2,1,2,0
T204901,Super Giants Vs Punjab Kings,Punjab Kings,HarpreetBrar,2.0,0,10,1,5.0,6,1,0,0,0
T204901,Super Giants Vs Punjab Kings,Punjab Kings,SikandarRaza,2.0,0,19,1,9.5,2,2,0,0,1
T204901,Super Giants Vs Punjab Kings,Punjab Kings,RahulChahar,3.0,0,28,0,9.33,5,1,2,1,0
T204901,Super Giants Vs Punjab Kings,Super Giants,YudhvirSingh,3.0,0,19,2,6.33,11,4,0,0,0
T204901,Super Giants Vs Punjab Kings,Super Giants,AveshKhan,3.0,0,24,0,8.0,8,4,0,1,0
T204901,Super Giants Vs Punjab Kings,Super Giants,MarkWood,4.0,0,35,2,8.75,10,2,2,2,0
T204901,Super Giants Vs Punjab Kings,Super Giants,KrishnappaGowtham,4.0,0,31,1,7.75,10,1,2,1,0
T204901,Super Giants Vs Punjab Kings,Super Giants,KrunalPandya,3.0,0,32,1,10.66,6,3,2,0,0
T204901,Super Giants Vs Punjab Kings,Super Giants,RaviBishnoi,2.3,0,18,2,7.2,7,2,0,1,0
T203876,KKR Vs Mumbai,Mumbai,ArjunTendulkar,2.0,0,17,0,8.5,6,1,1,1,0
T203876,KKR Vs Mumbai,Mumbai,CameronGreen,2.0,0,20,1,10.0,6,1,1,2,0
T203876,KKR Vs Mumbai,Mumbai,DuanJansen,4.0,0,53,1,13.25,6,3,4,4,0
T203876,KKR Vs Mumbai,Mumbai,PiyushChawla,4.0,0,19,1,4.75,10,1,0,0,0
T203876,KKR Vs Mumbai,Mumbai,HrithikShokeen,4.0,0,34,2,8.5,7,3,1,1,0
T203876,KKR Vs Mumbai,Mumbai,RileyMeredith,4.0,0,40,1,10.0,9,3,3,0,0
T203876,KKR Vs Mumbai,KKR,UmeshYadav,2.0,0,19,0,9.5,6,1,2,0,0
T203876,KKR Vs Mumbai,KKR,ShardulThakur,2.0,0,25,1,12.5,2,3,1,1,0
T203876,KKR Vs Mumbai,KKR,SunilNarine,3.0,0,41,0,13.66,4,3,3,1,0
T203876,KKR Vs Mumbai,KKR,SuyashSharma,4.0,0,27,2,6.75,11,3,1,0,0
T203876,KKR Vs Mumbai,KKR,VarunChakravarthy,4.0,0,38,1,9.5,10,2,3,1,0
T203876,KKR Vs Mumbai,KKR,LockieFerguson,1.4,0,19,1,11.4,4,1,2,0,0
T203876,KKR Vs Mumbai,KKR,AndreRussell,1.0,0,17,0,17.0,1,2,1,0,0
T202106,Titans Vs Royals,Royals,TrentBoult,4.0,0,46,1,11.5,6,4,2,2,0
T202106,Titans Vs Royals,Royals,SandeepSharma,4.0,0,25,2,6.25,10,3,0,1,0
T202106,Titans Vs Royals,Royals,AdamZampa,4.0,0,32,1,8.0,9,2,2,0,0
T202106,Titans Vs Royals,Royals,RavichandranAshwin,4.0,0,37,0,9.25,5,4,1,0,0
T202106,Titans Vs Royals,Royals,YuzvendraChahal,4.0,0,36,1,9.0,3,0,2,1,0
T202106,Titans Vs Royals,Titans,MohammedShami,4.0,1,25,3,6.25,18,1,3,1,0
T202106,Titans Vs Royals,Titans,HardikPandya,4.0,0,24,1,6.0,14,3,1,0,0
T202106,Titans Vs Royals,Titans,AlzarriJoseph,3.0,0,47,0,15.66,2,3,4,0,0
T202106,Titans Vs Royals,Titans,RashidKhan,4.0,0,46,2,11.5,7,1,5,0,0
T202106,Titans Vs Royals,Titans,MohitSharma,2.0,0,7,0,3.5,5,0,0,0,0
T202106,Titans Vs Royals,Titans,NoorAhmad,2.2,0,29,1,12.42,3,2,2,1,0
T207821,Super Kings Vs RCB,RCB,MohammedSiraj,4.0,0,30,1,7.5,10,1,2,1,0
T207821,Super Kings Vs RCB,RCB,WayneParnell,4.0,0,48,1,12.0,7,3,4,0,0
T207821,Super Kings Vs RCB,RCB,VijaykumarVyshak,4.0,0,62,1,15.5,3,5,5,0,0
T207821,Super Kings Vs RCB,RCB,GlennMaxwell,2.4,0,28,1,10.5,4,0,3,1,0
T207821,Super Kings Vs RCB,RCB,WaninduHasaranga,2.0,0,21,1,10.5,1,1,1,0,0
T207821,Super Kings Vs RCB,RCB,HarshalPatel,3.2,0,36,1,10.8,8,2,2,2,2
T207821,Super Kings Vs RCB,Super Kings,AkashSingh,3.0,0,35,1,11.66,9,3,3,0,0
T207821,Super Kings Vs RCB,Super Kings,TusharDeshpande,4.0,0,45,3,11.25,9,5,2,3,0
T207821,Super Kings Vs RCB,Super Kings,MaheeshTheekshana,4.0,0,41,1,10.25,4,1,3,1,0
T207821,Super Kings Vs RCB,Super Kings,RavindraJadeja,4.0,0,37,0,9.25,3,0,3,0,0
T207821,Super Kings Vs RCB,Super Kings,MatheeshaPathirana,4.0,0,42,2,10.5,9,3,3,2,0
T207821,Super Kings Vs RCB,Super Kings,MoeenAli,1.0,0,13,1,13.0,3,0,2,0,0
T208353,Mumbai Vs Sunrisers,Sunrisers,BhuvneshwarKumar,4.0,0,31,1,7.75,8,1,2,0,0
T208353,Mumbai Vs Sunrisers,Sunrisers,MarcoJansen,4.0,0,43,2,10.75,11,3,4,1,0
T208353,Mumbai Vs Sunrisers,Sunrisers,WashingtonSundar,4.0,0,33,0,8.25,10,4,1,0,0
T208353,Mumbai Vs Sunrisers,Sunrisers,TNatarajan,4.0,0,50,1,12.5,3,7,1,0,0
T208353,Mumbai Vs Sunrisers,Sunrisers,MayankMarkande,4.0,0,35,0,8.75,9,4,1,1,0
T208353,Mumbai Vs Sunrisers,Mumbai,ArjunTendulkar,2.5,0,18,1,6.35,9,2,0,3,0
T208353,Mumbai Vs Sunrisers,Mumbai,JasonBehrendorff,4.0,0,37,2,9.25,7,5,0,1,0
T208353,Mumbai Vs Sunrisers,Mumbai,RileyMeredith,4.0,0,33,2,8.25,10,3,1,3,0
T208353,Mumbai Vs Sunrisers,Mumbai,HrithikShokeen,1.0,0,12,0,12.0,1,0,1,0,0
T208353,Mumbai Vs Sunrisers,Mumbai,PiyushChawla,4.0,0,43,2,10.75,5,4,2,0,0
T208353,Mumbai Vs Sunrisers,Mumbai,CameronGreen,4.0,0,29,1,7.25,9,4,0,1,0
T208785,Super Giants Vs Royals,Royals,TrentBoult,4.0,1,16,1,4.0,18,1,1,0,0
T208785,Super Giants Vs Royals,Royals,SandeepSharma,4.0,0,32,1,8.0,8,4,0,0,1
T208785,Super Giants Vs Royals,Royals,RavichandranAshwin,4.0,0,23,2,5.75,9,2,0,1,0
T208785,Super Giants Vs Royals,Royals,YuzvendraChahal,4.0,0,41,0,10.25,5,3,2,0,0
T208785,Super Giants Vs Royals,Royals,JasonHolder,4.0,0,38,1,9.5,7,3,2,0,0
T208785,Super Giants Vs Royals,Super Giants,Naveen-ul-Haq,4.0,0,19,0,4.75,11,0,1,1,0
T208785,Super Giants Vs Royals,Super Giants,YudhvirSingh,2.0,0,27,0,13.5,6,2,2,1,0
T208785,Super Giants Vs Royals,Super Giants,AveshKhan,4.0,0,25,3,6.25,12,4,0,0,0
T208785,Super Giants Vs Royals,Super Giants,MarcusStoinis,4.0,0,28,2,7.0,11,3,1,0,0
T208785,Super Giants Vs Royals,Super Giants,RaviBishnoi,4.0,0,25,0,6.25,8,2,0,0,1
T208785,Super Giants Vs Royals,Super Giants,AmitMishra,2.0,0,15,0,7.5,3,2,0,0,0
T206323,RCB Vs Punjab Kings,Punjab Kings,ArshdeepSingh,4.0,0,34,1,8.5,8,5,0,1,0
T206323,RCB Vs Punjab Kings,Punjab Kings,HarpreetBrar,3.0,0,31,2,10.33,7,1,3,0,0
T206323,RCB Vs Punjab Kings,Punjab Kings,NathanEllis,4.0,0,41,1,10.25,8,2,3,1,0
T206323,RCB Vs Punjab Kings,Punjab Kings,SamCurran,4.0,0,27,0,6.75,6,1,0,0,1
T206323,RCB Vs Punjab Kings,Punjab Kings,RahulChahar,4.0,0,24,0,6.0,7,2,0,0,0
T206323,RCB Vs Punjab Kings,Punjab Kings,LiamLivingstone,1.0,0,9,0,9.0,0,1,0,0,0
T206323,RCB Vs Punjab Kings,RCB,MohammedSiraj,4.0,0,21,4,5.25,13,3,0,0,0
T206323,RCB Vs Punjab Kings,RCB,WayneParnell,3.0,0,32,1,10.66,9,1,4,0,0
T206323,RCB Vs Punjab Kings,RCB,WaninduHasaranga,4.0,0,39,2,9.75,7,2,3,0,0
T206323,RCB Vs Punjab Kings,RCB,VijaykumarVyshak,3.0,0,29,0,9.66,6,2,2,1,0
T206323,RCB Vs Punjab Kings,RCB,GlennMaxwell,1.0,0,5,0,5.0,1,0,0,0,0
T206323,RCB Vs Punjab Kings,RCB,HarshalPatel,3.2,0,22,1,6.6,10,1,1,1,1
T201404,KKR Vs Capitals,Capitals,IshantSharma,4.0,0,19,2,4.75,13,2,0,1,0
T201404,KKR Vs Capitals,Capitals,MukeshKumar,4.0,0,34,1,8.5,15,2,3,4,0
T201404,KKR Vs Capitals,Capitals,AnrichNortje,4.0,0,20,2,5.0,16,3,0,2,0
T201404,KKR Vs Capitals,Capitals,AxarPatel,3.0,0,13,2,4.33,12,2,0,0,0
T201404,KKR Vs Capitals,Capitals,MitchellMarsh,2.0,0,25,0,12.5,2,1,2,2,0
T201404,KKR Vs Capitals,Capitals,KuldeepYadav,3.0,0,15,2,5.0,9,0,1,1,0
T201404,KKR Vs Capitals,KKR,UmeshYadav,1.0,0,6,0,6.0,3,1,0,0,0
T201404,KKR Vs Capitals,KKR,KulwantKhejroliya,1.2,0,20,0,15.0,2,3,0,0,1
T201404,KKR Vs Capitals,KKR,AndreRussell,1.0,0,12,0,12.0,3,2,0,0,1
T201404,KKR Vs Capitals,KKR,SunilNarine,4.0,0,36,0,9.0,7,6,0,1,0
T201404,KKR Vs Capitals,KKR,VarunChakravarthy,4.0,1,16,2,4.0,14,2,0,0,0
T201404,KKR Vs Capitals,KKR,AnukulRoy,4.0,0,19,2,4.75,13,2,0,2,0
T201404,KKR Vs Capitals,KKR,NitishRana,4.0,0,17,2,4.25,10,1,0,0,0
T209492,Sunrisers Vs Super Kings,Super Kings,AkashSingh,3.0,0,17,1,5.66,10,1,1,0,0
T209492,Sunrisers Vs Super Kings,Super Kings,TusharDeshpande,3.0,0,26,0,8.66,7,4,0,1,0
T209492,Sunrisers Vs Super Kings,Super Kings,MaheeshTheekshana,4.0,0,27,1,6.75,5,2,0,0,0
T209492,Sunrisers Vs Super Kings,Super Kings,MoeenAli,2.0,0,18,0,9.0,2,1,1,0,0
T209492,Sunrisers Vs Super Kings,Super Kings,RavindraJadeja,4.0,0,22,3,5.5,8,1,0,0,0
T209492,Sunrisers Vs Super Kings,Super Kings,MatheeshaPathirana,4.0,0,22,1,5.5,9,2,0,1,0
T209492,Sunrisers Vs Super Kings,Sunrisers,BhuvneshwarKumar,2.0,0,10,0,5.0,7,1,0,0,0
T209492,Sunrisers Vs Super Kings,Sunrisers,MarcoJansen,3.0,0,37,0,12.33,5,6,1,0,0
T209492,Sunrisers Vs Super Kings,Sunrisers,AidenMarkram,1.0,0,11,0,11.0,2,2,0,0,0
T209492,Sunrisers Vs Super Kings,Sunrisers,WashingtonSundar,2.4,0,16,0,6.0,4,1,0,0,0
T209492,Sunrisers Vs Super Kings,Sunrisers,MayankMarkande,4.0,0,23,2,5.75,8,2,0,0,0
T209492,Sunrisers Vs Super Kings,Sunrisers,UmranMalik,3.0,0,18,0,6.0,8,2,0,0,0
T209492,Sunrisers Vs Super Kings,Sunrisers,MayankDagar,3.0,0,21,0,7.0,5,2,0,0,0
T201038,Titans Vs Super Giants,Super Giants,Naveen-ul-Haq,4.0,0,19,1,4.75,12,1,0,0,0
T201038,Titans Vs Super Giants,Super Giants,KrunalPandya,4.0,0,16,2,4.0,13,1,0,0,0
T201038,Titans Vs Super Giants,Super Giants,AveshKhan,3.0,0,21,0,7.0,6,2,0,0,0
T201038,Titans Vs Super Giants,Super Giants,RaviBishnoi,4.0,0,49,0,12.25,4,4,3,0,0
T201038,Titans Vs Super Giants,Super Giants,MarcusStoinis,3.0,0,20,2,6.66,7,1,1,0,0
T201038,Titans Vs Super Giants,Super Giants,AmitMishra,2.0,0,9,1,4.5,4,0,0,0,0
T201038,Titans Vs Super Giants,Titans,MohammedShami,3.0,1,18,0,6.0,9,3,0,0,0
T201038,Titans Vs Super Giants,Titans,JayantYadav,4.0,0,26,0,6.5,8,2,0,0,0
T201038,Titans Vs Super Giants,Titans,RashidKhan,4.0,0,33,1,8.25,9,4,1,0,0
T201038,Titans Vs Super Giants,Titans,MohitSharma,3.0,0,17,2,5.66,5,1,0,0,0
T201038,Titans Vs Super Giants,Titans,NoorAhmad,4.0,0,18,2,4.5,13,1,0,0,0
T201038,Titans Vs Super Giants,Titans,HardikPandya,1.0,0,7,0,7.0,2,1,0,0,0
T201038,Titans Vs Super Giants,Titans,RahulTewatia,1.0,0,8,0,8.0,4,0,1,1,0
T205955,Punjab Kings Vs Mumbai,Mumbai,ArjunTendulkar,3.0,0,48,1,16.0,4,6,2,4,1
T205955,Punjab Kings Vs Mumbai,Mumbai,JasonBehrendorff,3.0,0,41,1,13.66,6,2,4,1,0
T205955,Punjab Kings Vs Mumbai,Mumbai,CameronGreen,4.0,0,41,2,10.25,9,2,4,0,0
T205955,Punjab Kings Vs Mumbai,Mumbai,JofraArcher,4.0,0,42,1,10.5,8,3,3,1,0
T205955,Punjab Kings Vs Mumbai,Mumbai,PiyushChawla,3.0,0,15,2,5.0,12,2,0,1,0
T205955,Punjab Kings Vs Mumbai,Mumbai,HrithikShokeen,3.0,0,24,0,8.0,7,1,1,0,1
T205955,Punjab Kings Vs Mumbai,Punjab Kings,MatthewShort,1.0,0,7,0,7.0,3,1,0,1,0
T205955,Punjab Kings Vs Mumbai,Punjab Kings,ArshdeepSingh,4.0,0,29,4,7.25,12,2,2,1,0
T205955,Punjab Kings Vs Mumbai,Punjab Kings,HarpreetBrar,2.0,0,15,0,7.5,5,1,1,0,0
T205955,Punjab Kings Vs Mumbai,Punjab Kings,SamCurran,3.0,0,41,0,13.66,2,3,3,1,0
T205955,Punjab Kings Vs Mumbai,Punjab Kings,NathanEllis,4.0,0,44,1,11.0,5,2,3,0,0
T205955,Punjab Kings Vs Mumbai,Punjab Kings,RahulChahar,4.0,0,42,0,10.5,4,4,2,0,0
T205955,Punjab Kings Vs Mumbai,Punjab Kings,LiamLivingstone,2.0,0,23,1,11.5,2,4,0,0,0
T208050,RCB Vs Royals,Royals,TrentBoult,4.0,0,41,2,10.25,8,6,0,1,0
T208050,RCB Vs Royals,Royals,SandeepSharma,4.0,0,49,2,12.25,9,7,2,1,0
T208050,RCB Vs Royals,Royals,RavichandranAshwin,4.0,0,36,1,9.0,7,2,2,1,0
T208050,RCB Vs Royals,Royals,YuzvendraChahal,4.0,0,28,1,7.0,7,0,1,2,0
T208050,RCB Vs Royals,Royals,JasonHolder,4.0,0,32,0,8.0,6,3,1,0,0
T208050,RCB Vs Royals,RCB,MohammedSiraj,4.0,0,39,1,9.75,8,4,1,3,0
T208050,RCB Vs Royals,RCB,DavidWilley,4.0,0,26,1,6.5,11,2,1,1,0
T208050,RCB Vs Royals,RCB,VijaykumarVyshak,2.0,0,24,0,12.0,4,5,0,1,0
T208050,RCB Vs Royals,RCB,GlennMaxwell,2.0,0,25,0,12.5,3,2,2,0,0
T208050,RCB Vs Royals,RCB,HarshalPatel,4.0,0,32,3,8.0,8,3,1,1,0
T208050,RCB Vs Royals,RCB,WaninduHasaranga,4.0,0,32,0,8.0,5,2,1,0,0
T208630,Super Kings Vs KKR,KKR,UmeshYadav,3.0,0,35,0,11.66,7,3,3,0,0
T208630,Super Kings Vs KKR,KKR,DavidWiese,3.0,0,38,0,12.66,3,3,2,0,0
T208630,Super Kings Vs KKR,KKR,VarunChakravarthy,4.0,0,49,1,12.25,8,2,5,0,0
T208630,Super Kings Vs KKR,KKR,KulwantKhejroliya,3.0,0,44,2,14.66,5,2,4,0,1
T208630,Super Kings Vs KKR,KKR,SunilNarine,2.0,0,23,0,11.5,3,1,2,0,0
T208630,Super Kings Vs KKR,KKR,SuyashSharma,4.0,0,29,1,7.25,8,2,1,0,0
T208630,Super Kings Vs KKR,KKR,AndreRussell,1.0,0,17,0,17.0,0,1,1,2,0
T208630,Super Kings Vs KKR,Super Kings,AkashSingh,4.0,0,29,1,7.25,13,4,1,1,0
T208630,Super Kings Vs KKR,Super Kings,TusharDeshpande,4.0,0,43,2,10.75,12,3,3,4,0
T208630,Super Kings Vs KKR,Super Kings,MaheeshTheekshana,4.0,0,32,2,8.0,8,3,1,1,0
T208630,Super Kings Vs KKR,Super Kings,MoeenAli,1.0,0,20,1,20.0,1,0,3,0,0
T208630,Super Kings Vs KKR,Super Kings,RavindraJadeja,3.0,0,34,1,11.33,5,2,3,0,0
T208630,Super Kings Vs KKR,Super Kings,MatheeshaPathirana,4.0,0,27,1,6.75,11,2,1,3,0
T201505,Capitals Vs Sunrisers,Sunrisers,BhuvneshwarKumar,4.0,0,11,2,2.75,16,1,0,0,0
T201505,Capitals Vs Sunrisers,Sunrisers,MarcoJansen,2.0,0,27,0,13.5,4,4,1,0,0
T201505,Capitals Vs Sunrisers,Sunrisers,WashingtonSundar,4.0,0,28,3,7.0,10,2,1,0,0
T201505,Capitals Vs Sunrisers,Sunrisers,TNatarajan,3.0,0,21,1,7.0,3,2,0,0,0
T201505,Capitals Vs Sunrisers,Sunrisers,MayankMarkande,4.0,0,34,0,8.5,7,4,0,1,0
T201505,Capitals Vs Sunrisers,Sunrisers,UmranMalik,2.0,0,14,0,7.0,4,2,0,0,0
T201505,Capitals Vs Sunrisers,Sunrisers,AidenMarkram,1.0,0,7,0,7.0,0,0,0,0,0
T201505,Capitals Vs Sunrisers,Capitals,IshantSharma,3.0,0,18,1,6.0,8,2,0,0,0
T201505,Capitals Vs Sunrisers,Capitals,AnrichNortje,4.0,0,33,2,8.25,10,4,1,0,0
T201505,Capitals Vs Sunrisers,Capitals,MukeshKumar,3.0,0,27,0,9.0,4,4,0,0,0
T201505,Capitals Vs Sunrisers,Capitals,AxarPatel,4.0,0,21,2,5.25,8,1,0,0,0
T201505,Capitals Vs Sunrisers,Capitals,KuldeepYadav,4.0,0,22,1,5.5,6,1,0,0,0
T201505,Capitals Vs Sunrisers,Capitals,MitchellMarsh,2.0,0,16,0,8.0,3,1,0,0,1
T209782,Titans Vs Mumbai,Mumbai,ArjunTendulkar,2.0,0,9,1,4.5,7,0,0,0,0
T209782,Titans Vs Mumbai,Mumbai,JasonBehrendorff,4.0,0,37,1,9.25,8,2,2,2,0
T209782,Titans Vs Mumbai,Mumbai,RileyMeredith,4.0,0,49,1,12.25,6,4,3,2,0
T209782,Titans Vs Mumbai,Mumbai,CameronGreen,2.0,0,39,0,19.5,0,2,4,0,0
T209782,Titans Vs Mumbai,Mumbai,PiyushChawla,4.0,0,34,2,8.5,7,3,1,1,0
T209782,Titans Vs Mumbai,Mumbai,KumarKartikeya,4.0,0,39,1,9.75,7,3,2,0,0
T209782,Titans Vs Mumbai,Titans,MohammedShami,4.0,0,18,0,4.5,14,2,0,1,0
T209782,Titans Vs Mumbai,Titans,HardikPandya,2.0,0,10,1,5.0,8,0,1,0,0
T209782,Titans Vs Mumbai,Titans,RashidKhan,4.0,0,27,2,6.75,10,2,1,0,0
T209782,Titans Vs Mumbai,Titans,NoorAhmad,4.0,0,37,3,9.25,10,2,3,0,0
T209782,Titans Vs Mumbai,Titans,MohitSharma,4.0,0,38,2,9.5,7,1,3,0,0
T209782,Titans Vs Mumbai,Titans,JoshLittle,2.0,0,18,0,9.0,2,1,1,0,0
T203039,KKR Vs RCB,RCB,MohammedSiraj,4.0,0,33,1,8.25,11,5,1,0,0
T203039,KKR Vs RCB,RCB,DavidWilley,3.0,0,31,0,10.33,5,4,1,1,0
T203039,KKR Vs RCB,RCB,WaninduHasaranga,4.0,0,24,2,6.0,10,3,0,0,0
T203039,KKR Vs RCB,RCB,ShahbazAhmed,1.0,0,25,0,25.0,1,0,4,0,0
T203039,KKR Vs RCB,RCB,VijaykumarVyshak,4.0,0,41,2,10.25,3,2,2,3,0
T203039,KKR Vs RCB,RCB,HarshalPatel,4.0,0,44,0,11.0,7,2,4,1,0
T203039,KKR Vs RCB,KKR,VaibhavArora,2.0,0,22,0,11.0,3,3,0,1,0
T203039,KKR Vs RCB,KKR,UmeshYadav,1.0,0,19,0,19.0,0,1,2,0,0
T203039,KKR Vs RCB,KKR,SuyashSharma,4.0,0,30,2,7.5,5,3,0,1,0
T203039,KKR Vs RCB,KKR,VarunChakravarthy,4.0,0,27,3,6.75,9,2,1,0,0
T203039,KKR Vs RCB,KKR,AndreRussell,4.0,0,29,2,7.25,11,1,2,0,0
T203039,KKR Vs RCB,KKR,SunilNarine,4.0,0,41,0,10.25,2,1,2,0,0
T203039,KKR Vs RCB,KKR,NitishRana,1.0,0,8,0,8.0,1,1,0,0,0
T204320,Royals Vs Super Kings,Super Kings,AkashSingh,2.0,0,32,0,16.0,3,6,1,0,0
T204320,Royals Vs Super Kings,Super Kings,TusharDeshpande,4.0,0,42,2,10.5,10,5,2,0,0
T204320,Royals Vs Super Kings,Super Kings,MaheeshTheekshana,4.0,0,24,1,6.0,11,3,0,1,0
T204320,Royals Vs Super Kings,Super Kings,RavindraJadeja,4.0,0,32,1,8.0,6,2,1,1,0
T204320,Royals Vs Super Kings,Super Kings,MoeenAli,2.0,0,17,0,8.5,2,0,1,0,0
T204320,Royals Vs Super Kings,Super Kings,MatheeshaPathirana,4.0,0,48,0,12.0,5,5,1,2,0
T204320,Royals Vs Super Kings,Royals,SandeepSharma,4.0,0,24,0,6.0,10,3,0,0,0
T204320,Royals Vs Super Kings,Royals,KuldipYadav,3.0,0,18,1,6.0,4,1,0,0,0
T204320,Royals Vs Super Kings,Royals,JasonHolder,4.0,0,49,0,12.25,4,4,3,1,0
T204320,Royals Vs Super Kings,Royals,RavichandranAshwin,4.0,0,35,2,8.75,7,1,2,0,0
T204320,Royals Vs Super Kings,Royals,AdamZampa,3.0,0,22,3,7.33,7,2,1,0,0
T204320,Royals Vs Super Kings,Royals,YuzvendraChahal,2.0,0,21,0,10.5,3,2,1,0,0
T202948,Super Giants Vs Punjab Kings,Punjab Kings,GurnoorBrar,3.0,0,42,0,14.0,7,4,3,1,2
T202948,Super Giants Vs Punjab Kings,Punjab Kings,ArshdeepSingh,4.0,0,54,1,13.5,4,10,0,2,0
T202948,Super Giants Vs Punjab Kings,Punjab Kings,KagisoRabada,4.0,0,52,2,13.0,12,3,5,2,2
T202948,Super Giants Vs Punjab Kings,Punjab Kings,SikandarRaza,1.0,0,17,0,17.0,2,1,2,0,0
T202948,Super Giants Vs Punjab Kings,Punjab Kings,RahulChahar,4.0,0,29,0,7.25,8,2,1,0,0
T202948,Super Giants Vs Punjab Kings,Punjab Kings,SamCurran,3.0,0,38,1,12.66,5,4,2,0,0
T202948,Super Giants Vs Punjab Kings,Punjab Kings,LiamLivingstone,1.0,0,19,1,19.0,1,3,1,0,0
T202948,Super Giants Vs Punjab Kings,Super Giants,MarcusStoinis,1.5,0,21,1,11.45,5,2,1,4,0
T202948,Super Giants Vs Punjab Kings,Super Giants,KyleMayers,1.0,0,4,0,4.0,5,1,0,0,0
T202948,Super Giants Vs Punjab Kings,Super Giants,AyushBadoni,0.1,0,0,0,0.0,1,0,0,0,0
T202948,Super Giants Vs Punjab Kings,Super Giants,Naveen-ul-Haq,4.0,0,30,3,7.5,11,2,0,1,1
T202948,Super Giants Vs Punjab Kings,Super Giants,AveshKhan,2.0,0,28,0,14.0,1,3,1,0,0
T202948,Super Giants Vs Punjab Kings,Super Giants,AmitMishra,2.0,0,23,0,11.5,1,2,1,0,0
T202948,Super Giants Vs Punjab Kings,Super Giants,RaviBishnoi,4.0,0,41,2,10.25,9,4,2,0,1
T202948,Super Giants Vs Punjab Kings,Super Giants,YashThakur,3.5,0,37,4,9.65,9,3,2,1,0
T202948,Super Giants Vs Punjab Kings,Super Giants,KrunalPandya,1.0,0,13,0,13.0,2,1,1,1,0
T208384,KKR Vs Titans,Titans,MohammedShami,4.0,0,33,3,8.25,12,3,2,0,0
T208384,KKR Vs Titans,Titans,HardikPandya,3.0,0,34,0,11.33,9,3,3,1,0
T208384,KKR Vs Titans,Titans,RashidKhan,4.0,0,54,0,13.5,3,3,4,1,0
T208384,KKR Vs Titans,Titans,JoshLittle,4.0,0,25,2,6.25,12,2,1,0,0
T208384,KKR Vs Titans,Titans,NoorAhmad,4.0,0,21,2,5.25,12,1,1,1,0
T208384,KKR Vs Titans,Titans,MohitSharma,1.0,0,12,0,12.0,1,0,1,0,0
T208384,KKR Vs Titans,KKR,HarshitRana,3.0,0,25,1,8.33,6,4,0,1,0
T208384,KKR Vs Titans,KKR,AndreRussell,3.0,0,29,1,9.66,6,3,1,1,0
T208384,KKR Vs Titans,KKR,VarunChakravarthy,4.0,0,42,0,10.5,7,3,3,0,0
T208384,KKR Vs Titans,KKR,SuyashSharma,4.0,0,37,0,9.25,7,3,2,0,0
T208384,KKR Vs Titans,KKR,SunilNarine,3.0,0,24,1,8.0,3,1,1,0,0
T208384,KKR Vs Titans,KKR,NitishRana,0.5,0,14,0,16.8,0,1,1,1,0
T208709,Sunrisers Vs Capitals,Capitals,IshantSharma,3.0,0,31,1,10.33,9,7,0,0,0
T208709,Sunrisers Vs Capitals,Capitals,AnrichNortje,4.0,0,44,0,11.0,4,4,1,2,0
T208709,Sunrisers Vs Capitals,Capitals,MukeshKumar,2.0,0,38,0,19.0,2,4,2,2,1
T208709,Sunrisers Vs Capitals,Capitals,MitchellMarsh,4.0,1,27,4,6.75,12,1,2,2,0
T208709,Sunrisers Vs Capitals,Capitals,KuldeepYadav,3.0,0,27,0,9.0,4,1,2,0,0
T208709,Sunrisers Vs Capitals,Capitals,AxarPatel,4.0,0,29,1,7.25,7,0,2,2,0
T208709,Sunrisers Vs Capitals,Sunrisers,BhuvneshwarKumar,4.0,0,45,1,11.25,5,3,2,3,0
T208709,Sunrisers Vs Capitals,Sunrisers,AkealHosein,4.0,0,40,1,10.0,6,4,2,0,0
T208709,Sunrisers Vs Capitals,Sunrisers,TNatarajan,4.0,0,34,1,8.5,4,2,1,0,0
T208709,Sunrisers Vs Capitals,Sunrisers,UmranMalik,1.0,0,22,0,22.0,0,2,2,0,0
T208709,Sunrisers Vs Capitals,Sunrisers,MayankMarkande,4.0,0,20,2,5.0,7,1,0,0,0
T208709,Sunrisers Vs Capitals,Sunrisers,AbhishekSharma,3.0,0,26,1,8.66,5,2,1,0,0
T205766,Super Kings Vs Punjab Kings,Punjab Kings,ArshdeepSingh,4.0,0,37,1,9.25,8,5,0,3,0
T205766,Super Kings Vs Punjab Kings,Punjab Kings,KagisoRabada,4.0,0,34,0,8.5,8,4,1,1,0
T205766,Super Kings Vs Punjab Kings,Punjab Kings,SamCurran,4.0,0,46,1,11.5,7,5,2,3,0
T205766,Super Kings Vs Punjab Kings,Punjab Kings,RahulChahar,4.0,0,35,1,8.75,7,2,2,0,0
T205766,Super Kings Vs Punjab Kings,Punjab Kings,SikandarRaza,3.0,0,31,1,10.33,6,4,1,0,0
T205766,Super Kings Vs Punjab Kings,Punjab Kings,LiamLivingstone,1.0,0,16,0,16.0,0,3,0,0,0
T205766,Super Kings Vs Punjab Kings,Super Kings,AkashSingh,3.0,0,35,0,11.66,4,3,2,1,0
T205766,Super Kings Vs Punjab Kings,Super Kings,TusharDeshpande,4.0,0,49,3,12.25,10,3,4,2,0
T205766,Super Kings Vs Punjab Kings,Super Kings,MaheeshTheekshana,4.0,0,36,0,9.0,5,4,0,1,0
T205766,Super Kings Vs Punjab Kings,Super Kings,RavindraJadeja,4.0,0,32,2,8.0,8,1,2,0,0
T205766,Super Kings Vs Punjab Kings,Super Kings,MoeenAli,1.0,0,10,0,10.0,2,0,1,0,0
T205766,Super Kings Vs Punjab Kings,Super Kings,MatheeshaPathirana,4.0,0,32,1,8.0,6,2,0,1,0
T204998,Royals Vs Mumbai,Mumbai,CameronGreen,3.0,0,31,0,10.33,10,2,2,4,0
T204998,Royals Vs Mumbai,Mumbai,JofraArcher,4.0,0,35,1,8.75,16,2,3,3,1
T204998,Royals Vs Mumbai,Mumbai,RileyMeredith,4.0,0,51,1,12.75,7,9,1,2,0
T204998,Royals Vs Mumbai,Mumbai,PiyushChawla,4.0,0,34,2,8.5,11,2,3,0,0
T204998,Royals Vs Mumbai,Mumbai,KumarKartikeya,2.0,0,14,0,7.0,6,1,1,0,0
T204998,Royals Vs Mumbai,Mumbai,ArshadKhan,3.0,0,39,3,13.0,5,4,2,3,0
T204998,Royals Vs Mumbai,Royals,TrentBoult,4.0,0,43,1,10.75,8,7,0,2,0
T204998,Royals Vs Mumbai,Royals,SandeepSharma,4.0,0,35,1,8.75,5,3,1,2,0
T204998,Royals Vs Mumbai,Royals,RavichandranAshwin,4.0,0,27,2,6.75,8,0,2,1,0
T204998,Royals Vs Mumbai,Royals,YuzvendraChahal,3.0,0,32,0,10.66,5,3,2,0,0
T204998,Royals Vs Mumbai,Royals,JasonHolder,3.3,0,55,0,15.71,4,5,4,2,0
T204998,Royals Vs Mumbai,Royals,KuldeepSen,1.0,0,20,0,20.0,2,3,1,0,1
T203741,RCB Vs Super Giants,Super Giants,KrunalPandya,4.0,0,21,0,5.25,8,1,0,0,0
T203741,RCB Vs Super Giants,Super Giants,MarcusStoinis,1.0,0,11,0,11.0,0,1,0,0,0
T203741,RCB Vs Super Giants,Super Giants,Naveen-ul-Haq,4.0,0,30,3,7.5,8,3,1,0,0
T203741,RCB Vs Super Giants,Super Giants,RaviBishnoi,4.0,0,21,2,5.25,7,0,0,0,0
T203741,RCB Vs Super Giants,Super Giants,AmitMishra,3.0,0,21,2,7.0,4,0,1,0,0
T203741,RCB Vs Super Giants,Super Giants,YashThakur,2.0,0,12,0,6.0,6,1,0,2,0
T203741,RCB Vs Super Giants,Super Giants,KrishnappaGowtham,2.0,0,10,1,5.0,5,0,0,0,0
T203741,RCB Vs Super Giants,RCB,MohammedSiraj,3.0,0,24,1,8.0,11,4,0,3,1
T203741,RCB Vs Super Giants,RCB,JoshHazlewood,3.0,0,15,2,5.0,13,1,1,0,1
T203741,RCB Vs Super Giants,RCB,GlennMaxwell,1.0,0,3,1,3.0,3,0,0,0,0
T203741,RCB Vs Super Giants,RCB,WaninduHasaranga,4.0,0,20,1,5.0,14,0,2,0,0
T203741,RCB Vs Super Giants,RCB,KarnSharma,4.0,0,20,2,5.0,12,1,1,0,0
T203741,RCB Vs Super Giants,RCB,HarshalPatel,3.5,0,20,1,5.21,9,2,0,0,0
T203741,RCB Vs Super Giants,RCB,MahipalLomror,1.0,0,4,0,4.0,2,0,0,0,0
T202829,Capitals Vs Titans,Titans,MohammedShami,4.0,0,11,4,2.75,19,1,0,0,0
T202829,Capitals Vs Titans,Titans,HardikPandya,1.0,0,10,0,10.0,3,2,0,0,1
T202829,Capitals Vs Titans,Titans,JoshLittle,3.0,0,27,0,9.0,6,4,0,0,0
T202829,Capitals Vs Titans,Titans,RashidKhan,4.0,0,28,1,7.0,12,0,3,1,0
T202829,Capitals Vs Titans,Titans,NoorAhmad,4.0,0,20,0,5.0,11,1,0,2,0
T202829,Capitals Vs Titans,Titans,MohitSharma,4.0,0,33,2,8.25,7,1,2,0,0
T202829,Capitals Vs Titans,Capitals,KhaleelAhmed,4.0,1,24,2,6.0,12,4,0,0,0
T202829,Capitals Vs Titans,Capitals,IshantSharma,4.0,0,23,2,5.75,12,2,0,1,0
T202829,Capitals Vs Titans,Capitals,AnrichNortje,4.0,0,39,1,9.75,11,2,3,2,0
T202829,Capitals Vs Titans,Capitals,KuldeepYadav,4.0,0,15,1,3.75,9,0,0,0,0
T202829,Capitals Vs Titans,Capitals,AxarPatel,4.0,0,24,0,6.0,10,1,1,1,0
T205538,Punjab Kings Vs Mumbai,Mumbai,CameronGreen,2.0,0,15,0,7.5,7,2,0,0,0
T205538,Punjab Kings Vs Mumbai,Mumbai,ArshadKhan,4.0,0,48,1,12.0,9,7,2,1,0
T205538,Punjab Kings Vs Mumbai,Mumbai,JofraArcher,4.0,0,56,0,14.0,4,4,3,2,1
T205538,Punjab Kings Vs Mumbai,Mumbai,PiyushChawla,4.0,0,29,2,7.25,7,4,0,0,0
T205538,Punjab Kings Vs Mumbai,Mumbai,KumarKartikeya,3.0,0,24,0,8.0,3,0,1,3,0
T205538,Punjab Kings Vs Mumbai,Mumbai,AkashMadhwal,3.0,0,37,0,12.33,1,3,1,0,1
T205538,Punjab Kings Vs Mumbai,Punjab Kings,RishiDhawan,3.0,0,20,1,6.66,11,1,2,0,0
T205538,Punjab Kings Vs Mumbai,Punjab Kings,ArshdeepSingh,3.5,0,66,1,17.21,4,8,4,2,0
T205538,Punjab Kings Vs Mumbai,Punjab Kings,SamCurran,3.0,0,41,0,13.66,3,5,2,1,0
T205538,Punjab Kings Vs Mumbai,Punjab Kings,NathanEllis,4.0,0,34,2,8.5,4,3,0,0,0
T205538,Punjab Kings Vs Mumbai,Punjab Kings,RahulChahar,3.0,0,30,0,10.0,5,5,0,0,0
T205538,Punjab Kings Vs Mumbai,Punjab Kings,HarpreetBrar,2.0,0,21,0,10.5,1,1,1,0,0
T204127,KKR Vs Sunrisers,Sunrisers,BhuvneshwarKumar,4.0,0,33,1,8.25,12,6,0,1,0
T204127,KKR Vs Sunrisers,Sunrisers,MarcoJansen,3.0,0,24,2,8.0,7,3,0,0,1
T204127,KKR Vs Sunrisers,Sunrisers,KartikTyagi,2.0,0,30,1,15.0,5,3,2,2,1
T204127,KKR Vs Sunrisers,Sunrisers,AidenMarkram,3.0,0,24,1,8.0,5,2,1,0,0
T204127,KKR Vs Sunrisers,Sunrisers,TNatarajan,4.0,0,30,2,7.5,9,1,1,2,0
T204127,KKR Vs Sunrisers,Sunrisers,MayankMarkande,4.0,0,29,1,7.25,8,1,2,0,0
T204127,KKR Vs Sunrisers,KKR,HarshitRana,4.0,0,27,1,6.75,13,1,2,2,0
T204127,KKR Vs Sunrisers,KKR,VaibhavArora,3.0,0,32,2,10.66,6,5,0,1,2
T204127,KKR Vs Sunrisers,KKR,ShardulThakur,3.0,0,23,2,7.66,6,3,0,0,0
T204127,KKR Vs Sunrisers,KKR,AndreRussell,1.0,0,15,1,15.0,4,2,1,0,1
T204127,KKR Vs Sunrisers,KKR,AnukulRoy,3.0,0,26,1,8.66,6,1,2,1,0
T204127,KKR Vs Sunrisers,KKR,SunilNarine,2.0,0,16,0,8.0,1,1,0,0,0
T204127,KKR Vs Sunrisers,KKR,VarunChakravarthy,4.0,0,20,1,5.0,12,2,0,0,0
T209787,Royals Vs Titans,Titans,MohammedShami,4.0,0,27,1,6.75,13,2,1,2,0
T209787,Royals Vs Titans,Titans,HardikPandya,2.0,0,22,1,11.0,4,3,1,0,0
T209787,Royals Vs Titans,Titans,RashidKhan,4.0,0,14,3,3.5,13,0,0,2,0
T209787,Royals Vs Titans,Titans,JoshLittle,4.0,0,24,1,6.0,7,2,0,0,0
T209787,Royals Vs Titans,Titans,NoorAhmad,3.0,0,25,2,8.33,7,2,1,3,0
T209787,Royals Vs Titans,Titans,MohitSharma,0.5,0,5,0,6.0,0,0,0,0,0
T209787,Royals Vs Titans,Royals,TrentBoult,3.0,0,28,0,9.33,8,6,0,0,0
T209787,Royals Vs Titans,Royals,SandeepSharma,3.0,0,19,0,6.33,9,3,0,0,1
T209787,Royals Vs Titans,Royals,AdamZampa,3.0,0,40,0,13.33,3,3,3,0,0
T209787,Royals Vs Titans,Royals,YuzvendraChahal,3.5,0,22,1,5.73,7,1,0,0,0
T209787,Royals Vs Titans,Royals,RavichandranAshwin,1.0,0,8,0,8.0,1,1,0,0,0
T201150,Mumbai Vs Super Kings,Super Kings,DeepakChahar,3.0,0,18,2,6.0,10,3,0,0,0
T201150,Mumbai Vs Super Kings,Super Kings,TusharDeshpande,4.0,0,26,2,6.5,9,2,0,1,0
T201150,Mumbai Vs Super Kings,Super Kings,RavindraJadeja,4.0,0,37,1,9.25,5,5,0,1,0
T201150,Mumbai Vs Super Kings,Super Kings,MoeenAli,1.0,0,10,0,10.0,2,2,0,0,0
T201150,Mumbai Vs Super Kings,Super Kings,MaheeshTheekshana,4.0,0,28,0,7.0,11,3,1,0,0
T201150,Mumbai Vs Super Kings,Super Kings,MatheeshaPathirana,4.0,0,15,3,3.75,12,0,0,0,0
T201150,Mumbai Vs Super Kings,Mumbai,CameronGreen,1.0,0,10,0,10.0,4,2,0,1,1
T201150,Mumbai Vs Super Kings,Mumbai,JofraArcher,4.0,0,24,0,6.0,11,3,0,1,0
T201150,Mumbai Vs Super Kings,Mumbai,ArshadKhan,1.4,0,28,0,16.8,3,2,3,0,0
T201150,Mumbai Vs Super Kings,Mumbai,PiyushChawla,4.0,0,25,2,6.25,8,1,1,0,0
T201150,Mumbai Vs Super Kings,Mumbai,RaghavGoyal,4.0,0,33,0,8.25,7,1,2,0,0
T201150,Mumbai Vs Super Kings,Mumbai,TristanStubbs,2.0,0,14,1,7.0,3,0,1,0,0
T201150,Mumbai Vs Super Kings,Mumbai,AkashMadhwal,1.0,0,4,1,4.0,2,0,0,0,0
T204969,RCB Vs Capitals,Capitals,KhaleelAhmed,4.0,0,45,1,11.25,7,3,3,1,0
T204969,RCB Vs Capitals,Capitals,AxarPatel,3.0,0,17,0,5.66,7,2,0,0,0
T204969,RCB Vs Capitals,Capitals,IshantSharma,3.0,0,29,0,9.66,5,4,0,2,0
T204969,RCB Vs Capitals,Capitals,MukeshKumar,3.0,0,30,1,10.0,6,5,0,1,0
T204969,RCB Vs Capitals,Capitals,MitchellMarsh,3.0,0,21,2,7.0,3,0,1,1,0
T204969,RCB Vs Capitals,Capitals,KuldeepYadav,4.0,0,37,0,9.25,5,2,2,0,0
T204969,RCB Vs Capitals,RCB,MohammedSiraj,2.0,0,28,0,14.0,4,3,2,1,0
T204969,RCB Vs Capitals,RCB,GlennMaxwell,1.4,0,14,0,8.4,4,1,1,0,0
T204969,RCB Vs Capitals,RCB,JoshHazlewood,3.0,0,29,1,9.66,9,2,2,0,1
T204969,RCB Vs Capitals,RCB,WaninduHasaranga,4.0,0,32,0,8.0,9,2,2,0,0
T204969,RCB Vs Capitals,RCB,KarnSharma,3.0,0,33,1,11.0,4,4,1,0,0
T204969,RCB Vs Capitals,RCB,MahipalLomror,1.0,0,13,0,13.0,1,1,1,0,0
T204969,RCB Vs Capitals,RCB,HarshalPatel,2.0,0,32,1,16.0,4,2,3,1,0
T204882,Titans Vs Super Giants,Super Giants,MohsinKhan,3.0,0,42,1,14.0,4,5,2,2,0
T204882,Titans Vs Super Giants,Super Giants,AveshKhan,4.0,0,34,1,8.5,8,2,2,0,0
T204882,Titans Vs Super Giants,Super Giants,KrunalPandya,4.0,0,38,0,9.5,5,2,2,0,0
T204882,Titans Vs Super Giants,Super Giants,YashThakur,4.0,0,48,0,12.0,4,2,4,1,0
T204882,Titans Vs Super Giants,Super Giants,RaviBishnoi,2.0,0,21,0,10.5,2,0,2,1,0
T204882,Titans Vs Super Giants,Super Giants,KyleMayers,1.0,0,16,0,16.0,1,3,0,0,1
T204882,Titans Vs Super Giants,Super Giants,SwapnilSingh,1.0,0,7,0,7.0,1,0,0,0,0
T204882,Titans Vs Super Giants,Super Giants,MarcusStoinis,1.0,0,20,0,20.0,0,1,2,0,0
T204882,Titans Vs Super Giants,Titans,MohammedShami,4.0,0,37,1,9.25,9,3,2,1,0
T204882,Titans Vs Super Giants,Titans,HardikPandya,3.0,0,37,0,12.33,6,6,1,2,0
T204882,Titans Vs Super Giants,Titans,RashidKhan,4.0,0,34,1,8.5,6,1,2,0,0
T204882,Titans Vs Super Giants,Titans,NoorAhmad,4.0,0,26,1,6.5,11,4,0,1,0
T204882,Titans Vs Super Giants,Titans,MohitSharma,4.0,0,29,4,7.25,9,1,2,1,0
T204882,Titans Vs Super Giants,Titans,AlzarriJoseph,1.0,0,5,0,5.0,4,1,0,0,0
T202091,Royals Vs Sunrisers,Sunrisers,BhuvneshwarKumar,4.0,0,44,1,11.0,7,6,1,2,0
T202091,Royals Vs Sunrisers,Sunrisers,MarcoJansen,4.0,0,44,1,11.0,5,6,1,1,0
T202091,Royals Vs Sunrisers,Sunrisers,TNatarajan,4.0,0,36,0,9.0,8,4,1,1,0
T202091,Royals Vs Sunrisers,Sunrisers,MayankMarkande,4.0,0,51,0,12.75,7,1,6,0,0
T202091,Royals Vs Sunrisers,Sunrisers,AbhishekSharma,2.0,0,15,0,7.5,5,1,1,0,0
T202091,Royals Vs Sunrisers,Sunrisers,VivrantSharma,2.0,0,18,0,9.0,4,1,1,1,0
T202091,Royals Vs Sunrisers,Royals,SandeepSharma,4.0,0,48,0,12.0,5,5,2,0,1
T202091,Royals Vs Sunrisers,Royals,KuldipYadav,4.0,0,50,1,12.5,5,2,4,0,0
T202091,Royals Vs Sunrisers,Royals,RavichandranAshwin,4.0,0,35,1,8.75,5,2,1,3,0
T202091,Royals Vs Sunrisers,Royals,YuzvendraChahal,4.0,0,29,4,7.25,11,3,1,0,0
T202091,Royals Vs Sunrisers,Royals,MuruganAshwin,3.0,0,42,0,14.0,3,2,4,0,0
T202091,Royals Vs Sunrisers,Royals,ObedMcCoy,1.0,0,13,0,13.0,2,1,1,1,0
T205835,Punjab Kings Vs KKR,KKR,VaibhavArora,3.0,0,32,0,10.66,8,7,0,1,0
T205835,Punjab Kings Vs KKR,KKR,HarshitRana,3.0,0,33,2,11.0,9,4,2,0,1
T205835,Punjab Kings Vs KKR,KKR,AndreRussell,1.0,0,19,0,19.0,1,4,0,0,1
T205835,Punjab Kings Vs KKR,KKR,VarunChakravarthy,4.0,0,26,3,6.5,11,2,1,1,0
T205835,Punjab Kings Vs KKR,KKR,SuyashSharma,4.0,0,26,1,6.5,12,1,2,1,0
T205835,Punjab Kings Vs KKR,KKR,SunilNarine,4.0,0,29,0,7.25,9,2,1,1,0
T205835,Punjab Kings Vs KKR,KKR,NitishRana,1.0,0,7,1,7.0,3,1,0,0,0
T205835,Punjab Kings Vs KKR,Punjab Kings,RishiDhawan,2.0,0,15,0,7.5,5,2,0,0,0
T205835,Punjab Kings Vs KKR,Punjab Kings,ArshdeepSingh,4.0,0,39,0,9.75,10,6,1,1,0
T205835,Punjab Kings Vs KKR,Punjab Kings,NathanEllis,4.0,0,29,1,7.25,7,2,1,0,0
T205835,Punjab Kings Vs KKR,Punjab Kings,SamCurran,3.0,0,44,0,14.66,5,5,3,1,0
T205835,Punjab Kings Vs KKR,Punjab Kings,LiamLivingstone,2.0,0,27,0,13.5,2,4,1,0,0
T205835,Punjab Kings Vs KKR,Punjab Kings,HarpreetBrar,1.0,0,4,1,4.0,2,0,0,0,0
T205835,Punjab Kings Vs KKR,Punjab Kings,RahulChahar,4.0,0,23,2,5.75,8,1,0,1,0
T207753,RCB Vs Mumbai,Mumbai,JasonBehrendorff,4.0,0,36,3,9.0,9,5,1,0,0
T207753,RCB Vs Mumbai,Mumbai,PiyushChawla,4.0,0,41,0,10.25,8,5,2,0,0
T207753,RCB Vs Mumbai,Mumbai,CameronGreen,2.0,0,15,1,7.5,6,3,0,0,0
T207753,RCB Vs Mumbai,Mumbai,ChrisJordan,4.0,0,48,1,12.0,7,4,3,1,0
T207753,RCB Vs Mumbai,Mumbai,KumarKartikeya,4.0,0,35,1,8.75,6,3,1,1,0
T207753,RCB Vs Mumbai,Mumbai,AkashMadhwal,2.0,0,23,0,11.5,1,1,1,0,1
T207753,RCB Vs Mumbai,RCB,MohammedSiraj,3.0,0,31,0,10.33,10,2,3,1,0
T207753,RCB Vs Mumbai,RCB,JoshHazlewood,3.0,0,32,0,10.66,7,5,1,1,0
T207753,RCB Vs Mumbai,RCB,WaninduHasaranga,4.0,0,53,2,13.25,5,2,5,1,0
T207753,RCB Vs Mumbai,RCB,VijaykumarVyshak,3.0,0,37,2,12.33,7,2,3,1,1
T207753,RCB Vs Mumbai,RCB,HarshalPatel,3.3,0,41,0,11.71,3,5,1,1,1
T209716,Super Kings Vs Capitals,Capitals,KhaleelAhmed,4.0,0,32,1,8.0,9,1,2,2,0
T209716,Super Kings Vs Capitals,Capitals,IshantSharma,2.0,0,23,0,11.5,4,4,0,2,0
T209716,Super Kings Vs Capitals,Capitals,LalitYadav,3.0,0,34,1,11.33,6,2,3,0,0
T209716,Super Kings Vs Capitals,Capitals,AxarPatel,4.0,0,27,2,6.75,8,2,1,0,0
T209716,Super Kings Vs Capitals,Capitals,KuldeepYadav,4.0,0,28,1,7.0,6,0,1,3,0
T209716,Super Kings Vs Capitals,Capitals,MitchellMarsh,3.0,0,18,3,6.0,7,1,0,3,0
T209716,Super Kings Vs Capitals,Super Kings,DeepakChahar,3.0,0,28,2,9.33,10,3,2,1,0
T209716,Super Kings Vs Capitals,Super Kings,TusharDeshpande,3.0,0,18,0,6.0,9,1,1,0,0
T209716,Super Kings Vs Capitals,Super Kings,MaheeshTheekshana,2.0,0,16,0,8.0,2,0,1,0,0
T209716,Super Kings Vs Capitals,Super Kings,RavindraJadeja,4.0,0,19,1,4.75,10,1,0,0,0
T209716,Super Kings Vs Capitals,Super Kings,MoeenAli,4.0,0,16,0,4.0,13,0,1,0,0
T209716,Super Kings Vs Capitals,Super Kings,MatheeshaPathirana,4.0,0,37,3,9.25,11,5,1,4,0
T209254,KKR Vs Royals,Royals,TrentBoult,3.0,0,15,2,5.0,13,2,0,0,0
T209254,KKR Vs Royals,Royals,SandeepSharma,4.0,0,34,1,8.5,12,2,3,0,0
T209254,KKR Vs Royals,Royals,RavichandranAshwin,4.0,0,32,0,8.0,6,1,2,0,0
T209254,KKR Vs Royals,Royals,JoeRoot,2.0,0,14,0,7.0,2,1,0,0,0
T209254,KKR Vs Royals,Royals,YuzvendraChahal,4.0,0,25,4,6.25,11,2,1,0,0
T209254,KKR Vs Royals,Royals,KMAsif,3.0,0,27,1,9.0,4,0,2,1,0
T209254,KKR Vs Royals,KKR,NitishRana,1.0,0,26,0,26.0,0,3,2,0,0
T209254,KKR Vs Royals,KKR,HarshitRana,2.0,0,22,0,11.0,6,2,1,2,0
T209254,KKR Vs Royals,KKR,ShardulThakur,1.1,0,18,0,15.42,1,4,0,0,0
T209254,KKR Vs Royals,KKR,VarunChakravarthy,3.0,0,28,0,9.33,10,3,2,1,0
T209254,KKR Vs Royals,KKR,SunilNarine,2.0,0,13,0,6.5,5,0,1,0,0
T209254,KKR Vs Royals,KKR,SuyashSharma,3.0,0,22,0,7.33,7,2,1,0,0
T209254,KKR Vs Royals,KKR,AnukulRoy,1.0,0,20,0,20.0,1,0,3,0,0
T209868,Mumbai Vs Titans,Titans,MohammedShami,4.0,0,53,0,13.25,9,5,4,0,0
T209868,Mumbai Vs Titans,Titans,MohitSharma,4.0,0,43,1,10.75,10,6,2,0,0
T209868,Mumbai Vs Titans,Titans,RashidKhan,4.0,0,30,4,7.5,10,5,0,0,0
T209868,Mumbai Vs Titans,Titans,NoorAhmad,4.0,0,38,0,9.5,7,4,1,0,0
T209868,Mumbai Vs Titans,Titans,AlzarriJoseph,4.0,0,52,0,13.0,5,2,5,0,0
T209868,Mumbai Vs Titans,Mumbai,JasonBehrendorff,4.0,0,37,1,9.25,8,5,1,1,0
T209868,Mumbai Vs Titans,Mumbai,AkashMadhwal,4.0,0,31,3,7.75,11,4,1,0,0
T209868,Mumbai Vs Titans,Mumbai,ChrisJordan,4.0,0,34,0,8.5,9,3,2,0,0
T209868,Mumbai Vs Titans,Mumbai,PiyushChawla,4.0,0,36,2,9.0,7,4,1,0,0
T209868,Mumbai Vs Titans,Mumbai,KumarKartikeya,3.0,0,37,2,12.33,8,0,5,2,0
T209868,Mumbai Vs Titans,Mumbai,CameronGreen,1.0,0,13,0,13.0,3,0,2,0,0
T204056,Sunrisers Vs Super Giants,Super Giants,YudhvirSingh,3.0,0,24,1,8.0,8,4,0,1,0
T204056,Sunrisers Vs Super Giants,Super Giants,KyleMayers,1.0,0,11,0,11.0,3,2,0,0,1
T204056,Sunrisers Vs Super Giants,Super Giants,KrunalPandya,4.0,0,24,2,6.0,12,2,1,0,0
T204056,Sunrisers Vs Super Giants,Super Giants,AveshKhan,2.0,0,30,1,15.0,2,5,1,0,0
T204056,Sunrisers Vs Super Giants,Super Giants,YashThakur,4.0,0,28,1,7.0,11,1,2,0,0
T204056,Sunrisers Vs Super Giants,Super Giants,AmitMishra,4.0,0,40,1,10.0,8,2,3,1,0
T204056,Sunrisers Vs Super Giants,Super Giants,RaviBishnoi,2.0,0,23,0,11.5,1,2,1,0,0
T204056,Sunrisers Vs Super Giants,Sunrisers,BhuvneshwarKumar,4.0,0,30,0,7.5,8,3,1,0,0
T204056,Sunrisers Vs Super Giants,Sunrisers,FazalhaqFarooqi,3.2,0,32,0,9.6,8,5,0,4,0
T204056,Sunrisers Vs Super Giants,Sunrisers,GlennPhillips,2.0,0,10,1,5.0,5,1,0,0,0
T204056,Sunrisers Vs Super Giants,Sunrisers,TNatarajan,4.0,0,31,0,7.75,8,1,2,0,0
T204056,Sunrisers Vs Super Giants,Sunrisers,MayankMarkande,3.0,0,39,1,13.0,2,4,2,0,0
T204056,Sunrisers Vs Super Giants,Sunrisers,AbhishekSharma,3.0,0,42,1,14.0,6,1,5,1,0
T205679,Punjab Kings Vs Capitals,Capitals,KhaleelAhmed,4.0,0,36,0,9.0,11,4,1,3,0
T205679,Punjab Kings Vs Capitals,Capitals,IshantSharma,3.0,0,27,2,9.0,8,4,1,0,0
T205679,Punjab Kings Vs Capitals,Capitals,AxarPatel,4.0,0,27,1,6.75,12,1,1,2,0
T205679,Punjab Kings Vs Capitals,Capitals,PraveenDubey,3.0,0,19,1,6.33,8,1,1,1,0
T205679,Punjab Kings Vs Capitals,Capitals,KuldeepYadav,4.0,0,32,1,8.0,9,2,2,0,0
T205679,Punjab Kings Vs Capitals,Capitals,MitchellMarsh,1.0,0,21,0,21.0,0,1,2,1,0
T205679,Punjab Kings Vs Capitals,Capitals,MukeshKumar,1.0,0,3,1,3.0,3,0,0,0,0
T205679,Punjab Kings Vs Capitals,Punjab Kings,RishiDhawan,1.0,0,10,0,10.0,2,2,0,0,0
T205679,Punjab Kings Vs Capitals,Punjab Kings,SamCurran,2.0,0,18,0,9.0,4,3,0,0,0
T205679,Punjab Kings Vs Capitals,Punjab Kings,HarpreetBrar,4.0,0,30,4,7.5,11,5,0,1,0
T205679,Punjab Kings Vs Capitals,Punjab Kings,NathanEllis,4.0,0,26,2,6.5,6,2,0,1,0
T205679,Punjab Kings Vs Capitals,Punjab Kings,ArshdeepSingh,4.0,0,32,0,8.0,8,2,2,0,0
T205679,Punjab Kings Vs Capitals,Punjab Kings,RahulChahar,4.0,0,16,2,4.0,18,3,0,1,0
T205679,Punjab Kings Vs Capitals,Punjab Kings,SikandarRaza,1.0,0,3,0,3.0,3,0,0,0,0
T204222,RCB Vs Royals,Royals,SandeepSharma,4.0,0,34,1,8.5,4,4,0,1,0
T204222,RCB Vs Royals,Royals,AdamZampa,4.0,0,25,2,6.25,10,2,1,0,0
T204222,RCB Vs Royals,Royals,YuzvendraChahal,4.0,0,37,0,9.25,4,3,1,1,0
T204222,RCB Vs Royals,Royals,RavichandranAshwin,4.0,0,33,0,8.25,5,1,2,1,0
T204222,RCB Vs Royals,Royals,KMAsif,4.0,0,42,2,10.5,8,2,3,1,0
T204222,RCB Vs Royals,RCB,MohammedSiraj,2.0,0,10,1,5.0,9,2,0,1,0
T204222,RCB Vs Royals,RCB,WayneParnell,3.0,0,10,3,3.33,12,1,0,1,0
T204222,RCB Vs Royals,RCB,MichaelBracewell,3.0,0,16,2,5.33,10,1,1,0,0
T204222,RCB Vs Royals,RCB,KarnSharma,1.3,0,19,2,12.66,5,0,3,0,0
T204222,RCB Vs Royals,RCB,GlennMaxwell,1.0,0,3,1,3.0,4,0,0,0,0
T201479,Super Kings Vs KKR,KKR,VaibhavArora,4.0,0,30,1,7.5,7,2,0,1,1
T201479,Super Kings Vs KKR,KKR,HarshitRana,2.0,0,19,0,9.5,5,2,1,0,0
T201479,Super Kings Vs KKR,KKR,VarunChakravarthy,4.0,0,36,2,9.0,5,2,1,1,0
T201479,Super Kings Vs KKR,KKR,SunilNarine,4.0,0,15,2,3.75,10,0,0,0,0
T201479,Super Kings Vs KKR,KKR,ShardulThakur,3.0,0,15,1,5.0,7,1,0,1,0
T201479,Super Kings Vs KKR,KKR,SuyashSharma,3.0,0,29,0,9.66,6,0,3,0,1
T201479,Super Kings Vs KKR,Super Kings,DeepakChahar,3.0,0,27,3,9.0,7,3,1,2,0
T201479,Super Kings Vs KKR,Super Kings,TusharDeshpande,3.3,0,25,0,7.14,11,2,1,2,0
T201479,Super Kings Vs KKR,Super Kings,MoeenAli,4.0,0,31,0,7.75,8,5,0,0,0
T201479,Super Kings Vs KKR,Super Kings,MaheeshTheekshana,3.0,0,22,0,7.33,3,2,0,0,0
T201479,Super Kings Vs KKR,Super Kings,MatheeshaPathirana,3.0,0,23,0,7.66,8,1,0,2,1
T201479,Super Kings Vs KKR,Super Kings,RavindraJadeja,2.0,0,18,0,9.0,4,0,2,0,0
T203760,Titans Vs Sunrisers,Sunrisers,BhuvneshwarKumar,4.0,0,30,5,7.5,11,4,0,0,0
T203760,Titans Vs Sunrisers,Sunrisers,MarcoJansen,4.0,0,39,1,9.75,11,3,1,4,2
T203760,Titans Vs Sunrisers,Sunrisers,FazalhaqFarooqi,3.0,0,31,1,10.33,3,4,0,1,0
T203760,Titans Vs Sunrisers,Sunrisers,TNatarajan,4.0,0,34,1,8.5,4,4,0,0,0
T203760,Titans Vs Sunrisers,Sunrisers,AidenMarkram,1.0,0,13,0,13.0,0,2,0,0,0
T203760,Titans Vs Sunrisers,Sunrisers,MayankMarkande,3.0,0,27,0,9.0,3,4,0,0,0
T203760,Titans Vs Sunrisers,Sunrisers,AbhishekSharma,1.0,0,13,0,13.0,2,1,1,1,0
T203760,Titans Vs Sunrisers,Titans,MohammedShami,4.0,0,21,4,5.25,13,1,1,0,0
T203760,Titans Vs Sunrisers,Titans,YashDayal,4.0,0,31,1,7.75,11,4,0,4,0
T203760,Titans Vs Sunrisers,Titans,RashidKhan,4.0,0,28,0,7.0,6,1,1,0,0
T203760,Titans Vs Sunrisers,Titans,MohitSharma,4.0,0,28,4,7.0,12,3,1,0,0
T203760,Titans Vs Sunrisers,Titans,NoorAhmad,2.5,0,35,0,12.35,3,3,2,1,0
T203760,Titans Vs Sunrisers,Titans,RahulTewatia,1.1,0,7,0,6.0,3,1,0,0,0
T209829,Super Giants Vs Mumbai,Mumbai,JasonBehrendorff,4.0,0,30,2,7.5,9,0,2,1,0
T209829,Super Giants Vs Mumbai,Mumbai,ChrisJordan,4.0,0,50,0,12.5,7,3,4,2,0
T209829,Super Giants Vs Mumbai,Mumbai,HrithikShokeen,3.0,0,20,0,6.66,9,1,1,0,0
T209829,Super Giants Vs Mumbai,Mumbai,PiyushChawla,3.0,0,26,1,8.66,5,0,2,0,0
T209829,Super Giants Vs Mumbai,Mumbai,AkashMadhwal,4.0,0,30,0,7.5,7,1,1,2,0
T209829,Super Giants Vs Mumbai,Mumbai,CameronGreen,2.0,0,16,0,8.0,5,1,1,0,0
T209829,Super Giants Vs Mumbai,Super Giants,KrunalPandya,4.0,0,27,0,6.75,10,4,0,0,0
T209829,Super Giants Vs Mumbai,Super Giants,MohsinKhan,3.0,0,26,1,8.66,8,1,2,2,0
T209829,Super Giants Vs Mumbai,Super Giants,Naveen-ul-Haq,4.0,0,37,0,9.25,8,1,3,0,1
T209829,Super Giants Vs Mumbai,Super Giants,YashThakur,4.0,0,40,2,10.0,9,2,2,5,1
T209829,Super Giants Vs Mumbai,Super Giants,SwapnilSingh,1.0,0,11,0,11.0,1,2,0,0,0
T209829,Super Giants Vs Mumbai,Super Giants,RaviBishnoi,4.0,0,26,2,6.5,9,2,0,1,0
T206208,Capitals Vs Punjab Kings,Punjab Kings,SamCurran,4.0,0,36,2,9.0,9,4,1,1,0
T206208,Capitals Vs Punjab Kings,Punjab Kings,KagisoRabada,3.0,0,36,0,12.0,8,2,4,0,0
T206208,Capitals Vs Punjab Kings,Punjab Kings,ArshdeepSingh,2.0,0,21,0,10.5,4,2,1,2,0
T206208,Capitals Vs Punjab Kings,Punjab Kings,NathanEllis,4.0,0,46,0,11.5,6,5,2,0,0
T206208,Capitals Vs Punjab Kings,Punjab Kings,RahulChahar,4.0,0,35,0,8.75,7,4,1,0,0
T206208,Capitals Vs Punjab Kings,Punjab Kings,HarpreetBrar,3.0,0,39,0,13.0,2,3,2,2,0
T206208,Capitals Vs Punjab Kings,Capitals,KhaleelAhmed,3.0,1,20,1,6.66,14,1,2,0,1
T206208,Capitals Vs Punjab Kings,Capitals,IshantSharma,3.0,0,36,2,12.0,10,5,2,0,1
T206208,Capitals Vs Punjab Kings,Capitals,AnrichNortje,4.0,0,36,2,9.0,11,2,3,0,0
T206208,Capitals Vs Punjab Kings,Capitals,MukeshKumar,4.0,0,52,0,13.0,8,3,5,1,0
T206208,Capitals Vs Punjab Kings,Capitals,AxarPatel,3.0,0,27,1,9.0,3,4,0,0,0
T206208,Capitals Vs Punjab Kings,Capitals,KuldeepYadav,3.0,0,21,0,7.0,4,0,1,1,0
T209543,Sunrisers Vs RCB,RCB,MohammedSiraj,4.0,0,17,1,4.25,16,2,0,2,0
T209543,Sunrisers Vs RCB,RCB,WayneParnell,4.0,0,35,0,8.75,5,3,1,0,0
T209543,Sunrisers Vs RCB,RCB,MichaelBracewell,2.0,0,13,2,6.5,5,2,0,0,0
T209543,Sunrisers Vs RCB,RCB,ShahbazAhmed,3.0,0,38,1,12.66,4,4,2,0,0
T209543,Sunrisers Vs RCB,RCB,HarshalPatel,4.0,0,37,1,9.25,4,3,1,1,0
T209543,Sunrisers Vs RCB,RCB,KarnSharma,3.0,0,45,0,15.0,0,1,4,1,0
T209543,Sunrisers Vs RCB,Sunrisers,BhuvneshwarKumar,4.0,0,48,1,12.0,10,7,2,1,0
T209543,Sunrisers Vs RCB,Sunrisers,AbhishekSharma,3.0,0,28,0,9.33,5,3,1,1,0
T209543,Sunrisers Vs RCB,Sunrisers,TNatarajan,4.0,0,34,1,8.5,6,3,1,1,0
T209543,Sunrisers Vs RCB,Sunrisers,KartikTyagi,1.2,0,21,0,15.75,1,4,0,1,0
T209543,Sunrisers Vs RCB,Sunrisers,NitishKumarReddy,2.0,0,19,0,9.5,3,1,1,0,1
T209543,Sunrisers Vs RCB,Sunrisers,MayankDagar,4.0,0,25,0,6.25,8,1,1,0,0
T209543,Sunrisers Vs RCB,Sunrisers,GlennPhillips,1.0,0,10,0,10.0,1,1,0,0,0
T202827,Punjab Kings Vs Royals,Royals,TrentBoult,4.0,0,35,1,8.75,12,3,2,1,0
T202827,Punjab Kings Vs Royals,Royals,SandeepSharma,4.0,0,46,0,11.5,6,3,3,2,1
T202827,Punjab Kings Vs Royals,Royals,NavdeepSaini,4.0,0,40,3,10.0,9,6,1,1,0
T202827,Punjab Kings Vs Royals,Royals,AdamZampa,4.0,0,26,1,6.5,6,2,0,0,0
T202827,Punjab Kings Vs Royals,Royals,YuzvendraChahal,4.0,0,40,0,10.0,9,3,3,1,0
T202827,Punjab Kings Vs Royals,Punjab Kings,SamCurran,4.0,0,46,1,11.5,9,8,1,2,0
T202827,Punjab Kings Vs Royals,Punjab Kings,KagisoRabada,4.0,0,40,2,10.0,12,2,4,1,1
T202827,Punjab Kings Vs Royals,Punjab Kings,ArshdeepSingh,4.0,0,40,1,10.0,11,4,2,3,0
T202827,Punjab Kings Vs Royals,Punjab Kings,NathanEllis,4.0,0,34,1,8.5,8,3,1,1,0
T202827,Punjab Kings Vs Royals,Punjab Kings,RahulChahar,3.4,0,28,1,7.63,5,1,1,0,0
T203140,Super Kings Vs Capitals,Capitals,KhaleelAhmed,4.0,0,45,1,11.25,9,4,3,2,1
T203140,Super Kings Vs Capitals,Capitals,LalitYadav,2.0,0,32,0,16.0,1,3,2,2,0
T203140,Super Kings Vs Capitals,Capitals,AxarPatel,3.0,0,32,0,10.66,3,0,3,0,0
T203140,Super Kings Vs Capitals,Capitals,AnrichNortje,4.0,0,43,1,10.75,8,4,3,0,0
T203140,Super Kings Vs Capitals,Capitals,ChetanSakariya,4.0,0,36,1,9.0,9,5,0,3,1
T203140,Super Kings Vs Capitals,Capitals,KuldeepYadav,3.0,0,34,0,11.33,2,1,3,0,0
T203140,Super Kings Vs Capitals,Super Kings,DeepakChahar,4.0,0,22,3,5.5,14,2,1,0,0
T203140,Super Kings Vs Capitals,Super Kings,TusharDeshpande,4.0,0,26,1,6.5,12,4,0,1,0
T203140,Super Kings Vs Capitals,Super Kings,MaheeshTheekshana,4.0,1,23,2,5.75,11,1,1,0,0
T203140,Super Kings Vs Capitals,Super Kings,RavindraJadeja,4.0,0,50,1,12.5,4,3,4,1,0
T203140,Super Kings Vs Capitals,Super Kings,MatheeshaPathirana,4.0,0,22,2,5.5,11,1,0,5,0
T203175,Super Giants Vs KKR,KKR,HarshitRana,3.0,0,21,1,7.0,11,3,1,0,0
T203175,Super Giants Vs KKR,KKR,VaibhavArora,4.0,0,30,2,7.5,9,1,1,3,1
T203175,Super Giants Vs KKR,KKR,VarunChakravarthy,4.0,0,38,1,9.5,10,4,2,0,0
T203175,Super Giants Vs KKR,KKR,NitishRana,1.0,0,3,0,3.0,4,0,0,0,0
T203175,Super Giants Vs KKR,KKR,ShardulThakur,2.0,0,27,2,13.5,3,0,3,1,1
T203175,Super Giants Vs KKR,KKR,SunilNarine,4.0,0,28,2,7.0,8,2,1,1,0
T203175,Super Giants Vs KKR,KKR,SuyashSharma,1.0,0,12,0,12.0,2,1,1,0,0
T203175,Super Giants Vs KKR,KKR,AndreRussell,1.0,0,12,0,12.0,2,1,1,0,0
T203175,Super Giants Vs KKR,Super Giants,MohsinKhan,1.0,0,15,0,15.0,2,2,1,0,0
T203175,Super Giants Vs KKR,Super Giants,Naveen-ul-Haq,4.0,0,46,0,11.5,8,6,2,0,0
T203175,Super Giants Vs KKR,Super Giants,KrunalPandya,4.0,0,30,1,7.5,9,5,0,0,0
T203175,Super Giants Vs KKR,Super Giants,KrishnappaGowtham,4.0,0,26,1,6.5,9,2,0,2,0
T203175,Super Giants Vs KKR,Super Giants,RaviBishnoi,4.0,0,23,2,5.75,10,1,1,0,0
T203175,Super Giants Vs KKR,Super Giants,YashThakur,3.0,0,31,2,10.33,9,1,3,3,0
T201855,Sunrisers Vs Mumbai,Mumbai,JasonBehrendorff,3.0,0,36,0,12.0,7,4,2,3,0
T201855,Sunrisers Vs Mumbai,Mumbai,CameronGreen,1.0,0,2,0,2.0,4,0,0,0,0
T201855,Sunrisers Vs Mumbai,Mumbai,ChrisJordan,4.0,0,42,1,10.5,6,5,1,1,0
T201855,Sunrisers Vs Mumbai,Mumbai,AkashMadhwal,4.0,0,37,4,9.25,7,4,1,0,1
T201855,Sunrisers Vs Mumbai,Mumbai,PiyushChawla,4.0,0,39,0,9.75,4,3,2,0,0
T201855,Sunrisers Vs Mumbai,Mumbai,KumarKartikeya,4.0,0,39,0,9.75,6,4,1,1,0
T201855,Sunrisers Vs Mumbai,Sunrisers,BhuvneshwarKumar,4.0,0,26,1,6.5,8,3,0,0,0
T201855,Sunrisers Vs Mumbai,Sunrisers,NitishKumarReddy,3.0,0,35,0,11.66,7,1,4,0,0
T201855,Sunrisers Vs Mumbai,Sunrisers,MayankDagar,4.0,0,37,1,9.25,9,4,2,0,0
T201855,Sunrisers Vs Mumbai,Sunrisers,KartikTyagi,2.5,0,41,0,14.47,4,6,1,0,3
T201855,Sunrisers Vs Mumbai,Sunrisers,UmranMalik,3.0,0,41,0,13.66,3,7,1,0,0
T201855,Sunrisers Vs Mumbai,Sunrisers,VivrantSharma,1.0,0,19,0,19.0,1,0,2,1,1
T201855,Sunrisers Vs Mumbai,Sunrisers,AidenMarkram,0.1,0,1,0,6.0,0,0,0,0,0
T205366,RCB Vs Titans,Titans,MohammedShami,4.0,0,39,1,9.75,9,7,0,1,0
T205366,RCB Vs Titans,Titans,YashDayal,4.0,0,39,1,9.75,7,5,1,0,0
T205366,RCB Vs Titans,Titans,RashidKhan,4.0,0,24,1,6.0,5,1,0,0,0
T205366,RCB Vs Titans,Titans,NoorAhmad,4.0,0,39,2,9.75,6,4,1,2,0
T205366,RCB Vs Titans,Titans,MohitSharma,4.0,0,54,0,13.5,2,8,1,2,0
T205366,RCB Vs Titans,RCB,MohammedSiraj,4.0,0,32,2,8.0,11,2,2,2,0
T205366,RCB Vs Titans,RCB,WayneParnell,3.1,0,42,0,13.26,7,6,2,1,1
T205366,RCB Vs Titans,RCB,VijaykumarVyshak,4.0,0,40,1,10.0,6,2,2,2,0
T205366,RCB Vs Titans,RCB,HimanshuSharma,3.0,0,28,0,9.33,4,3,1,0,0
T205366,RCB Vs Titans,RCB,HarshalPatel,4.0,0,29,1,7.25,11,2,1,2,0
T205366,RCB Vs Titans,RCB,MichaelBracewell,1.0,0,16,0,16.0,2,0,2,0,0
T203271,Super Kings Vs Titans,Titans,MohammedShami,4.0,0,28,2,7.0,10,2,1,0,1
T203271,Super Kings Vs Titans,Titans,DarshanNalkande,4.0,0,44,1,11.0,9,4,2,0,1
T203271,Super Kings Vs Titans,Titans,RashidKhan,4.0,0,37,1,9.25,5,2,1,0,0
T203271,Super Kings Vs Titans,Titans,NoorAhmad,4.0,0,29,1,7.25,6,3,0,0,0
T203271,Super Kings Vs Titans,Titans,MohitSharma,4.0,0,31,2,7.75,4,3,0,0,0
T203271,Super Kings Vs Titans,Super Kings,DeepakChahar,4.0,0,29,2,7.25,10,2,1,3,0
T203271,Super Kings Vs Titans,Super Kings,TusharDeshpande,4.0,0,43,1,10.75,11,6,2,2,0
T203271,Super Kings Vs Titans,Super Kings,MaheeshTheekshana,4.0,0,28,2,7.0,8,1,1,0,0
T203271,Super Kings Vs Titans,Super Kings,RavindraJadeja,4.0,0,18,2,4.5,12,2,0,0,0
T203271,Super Kings Vs Titans,Super Kings,MatheeshaPathirana,4.0,0,37,2,9.25,9,2,1,7,0
T207210,Mumbai Vs Super Giants,Super Giants,KrunalPandya,4.0,0,38,0,9.5,7,5,1,0,0
T207210,Mumbai Vs Super Giants,Super Giants,KrishnappaGowtham,1.0,0,8,0,8.0,4,2,0,0,0
T207210,Mumbai Vs Super Giants,Super Giants,Naveen-ul-Haq,4.0,0,38,4,9.5,10,3,2,3,0
T207210,Mumbai Vs Super Giants,Super Giants,YashThakur,4.0,0,34,3,8.5,12,3,2,2,0
T207210,Mumbai Vs Super Giants,Super Giants,MohsinKhan,3.0,0,24,1,8.0,9,1,2,0,0
T207210,Mumbai Vs Super Giants,Super Giants,RaviBishnoi,4.0,0,30,0,7.5,4,1,1,1,0
T207210,Mumbai Vs Super Giants,Mumbai,JasonBehrendorff,3.0,0,21,0,7.0,7,3,0,0,0
T207210,Mumbai Vs Super Giants,Mumbai,AkashMadhwal,3.3,0,5,5,1.42,17,0,0,0,0
T207210,Mumbai Vs Super Giants,Mumbai,ChrisJordan,2.0,1,7,1,3.5,9,1,0,0,0
T207210,Mumbai Vs Super Giants,Mumbai,CameronGreen,3.0,0,15,0,5.0,7,1,0,0,0
T207210,Mumbai Vs Super Giants,Mumbai,HrithikShokeen,1.0,0,18,0,18.0,1,2,1,1,0
T207210,Mumbai Vs Super Giants,Mumbai,PiyushChawla,4.0,0,28,1,7.0,9,2,1,2,0
T201090,Titans Vs Mumbai,Mumbai,JasonBehrendorff,4.0,0,28,0,7.0,8,4,0,0,0
T201090,Titans Vs Mumbai,Mumbai,CameronGreen,3.0,0,35,0,11.66,4,3,2,0,0
T201090,Titans Vs Mumbai,Mumbai,AkashMadhwal,4.0,0,52,1,13.0,7,3,4,0,2
T201090,Titans Vs Mumbai,Mumbai,ChrisJordan,4.0,0,56,0,14.0,6,6,3,4,0
T201090,Titans Vs Mumbai,Mumbai,PiyushChawla,3.0,0,45,1,15.0,0,2,3,1,0
T201090,Titans Vs Mumbai,Mumbai,KumarKartikeya,2.0,0,15,0,7.5,2,0,1,0,0
T201090,Titans Vs Mumbai,Titans,MohammedShami,3.0,0,41,2,13.66,6,6,2,0,0
T201090,Titans Vs Mumbai,Titans,HardikPandya,2.0,0,24,0,12.0,4,3,1,1,0
T201090,Titans Vs Mumbai,Titans,RashidKhan,4.0,0,33,2,8.25,8,5,0,1,0
T201090,Titans Vs Mumbai,Titans,NoorAhmad,4.0,0,35,0,8.75,8,1,2,1,1
T201090,Titans Vs Mumbai,Titans,JoshLittle,3.0,0,26,1,8.66,6,2,1,1,0
T201090,Titans Vs Mumbai,Titans,MohitSharma,2.2,0,10,5,4.28,9,0,1,0,0
T202039,Titans Vs Super Kings,Super Kings,DeepakChahar,4.0,0,38,1,9.5,5,3,1,0,0
T202039,Titans Vs Super Kings,Super Kings,TusharDeshpande,4.0,0,56,0,14.0,4,7,3,0,0
T202039,Titans Vs Super Kings,Super Kings,MaheeshTheekshana,4.0,0,36,0,9.0,8,3,2,0,0
T202039,Titans Vs Super Kings,Super Kings,RavindraJadeja,4.0,0,38,1,9.5,3,3,1,0,0
T202039,Titans Vs Super Kings,Super Kings,MatheeshaPathirana,4.0,0,44,2,11.0,7,4,2,2,0
T202039,Titans Vs Super Kings,Titans,MohammedShami,3.0,0,29,0,9.66,5,4,0,0,0
T202039,Titans Vs Super Kings,Titans,HardikPandya,1.0,0,14,0,14.0,1,1,1,1,0
T202039,Titans Vs Super Kings,Titans,RashidKhan,3.0,0,44,0,14.66,2,4,3,0,0
T202039,Titans Vs Super Kings,Titans,NoorAhmad,3.0,0,17,2,5.66,6,0,0,3,0
T202039,Titans Vs Super Kings,Titans,JoshLittle,2.0,0,30,0,15.0,1,0,3,0,0
T202039,Titans Vs Super Kings,Titans,MohitSharma,3.0,0,36,3,12.0,4,2,3,0,0
